Province,Lat,Long,Population,2020-03-21,2020-03-22,2020-03-23,2020-03-24,2020-03-25,2020-03-26,2020-03-27,2020-03-28,2020-03-29,2020-03-30,2020-03-31,2020-04-01,2020-04-02,2020-04-03,2020-04-04,2020-04-05,2020-04-06,2020-04-07,2020-04-08,2020-04-09,2020-04-10,2020-04-11,2020-04-12,2020-04-13,2020-04-14,2020-04-15,2020-04-16,2020-04-17,2020-04-18,2020-04-19,2020-04-20,2020-04-21,2020-04-22,2020-04-23,2020-04-24,2020-04-25,2020-04-26,2020-04-27,2020-04-28,2020-04-29,2020-04-30,2020-05-01,2020-05-02,2020-05-03,2020-05-04,2020-05-05,2020-05-06,2020-05-07,2020-05-08,2020-05-09,2020-05-10,2020-05-11,2020-05-12,2020-05-13,2020-05-14,2020-05-15,2020-05-16,2020-05-17,2020-05-18,2020-05-19,2020-05-20,2020-05-21,2020-05-22,2020-05-23,2020-05-24,2020-05-25,2020-05-26,2020-05-27,2020-05-28,2020-05-29,2020-05-30,2020-05-31,2020-06-01,2020-06-02,2020-06-03,2020-06-04,2020-06-05,2020-06-06,2020-06-07,2020-06-08,2020-06-09,2020-06-10,2020-06-11,2020-06-12,2020-06-13,2020-06-14,2020-06-15,2020-06-16,2020-06-17,2020-06-18,2020-06-19,2020-06-20,2020-06-21,2020-06-22,2020-06-23,2020-06-24,2020-06-25,2020-06-26,2020-06-27,2020-06-28,2020-06-29,2020-06-30,2020-07-01,2020-07-02,2020-07-03,2020-07-04,2020-07-05,2020-07-06,2020-07-07,2020-07-08,2020-07-09,2020-07-10,2020-07-11,2020-07-12,2020-07-13,2020-07-14,2020-07-15,2020-07-16,2020-07-17,2020-07-18,2020-07-19,2020-07-20,2020-07-21,2020-07-22,2020-07-23,2020-07-24,2020-07-25,2020-07-26,2020-07-27,2020-07-28,2020-07-29,2020-07-30,2020-07-31,2020-08-01,2020-08-02,2020-08-03,2020-08-04,2020-08-05,2020-08-06,2020-08-07,2020-08-08,2020-08-09,2020-08-10,2020-08-11,2020-08-12,2020-08-13,2020-08-14,2020-08-15,2020-08-16,2020-08-17,2020-08-18,2020-08-19,2020-08-20,2020-08-21,2020-08-22,2020-08-23,2020-08-24,2020-08-25,2020-08-26,2020-08-27,2020-08-28,2020-08-29,2020-08-30,2020-08-31,2020-09-01,2020-09-02,2020-09-03,2020-09-04,2020-09-05,2020-09-06,2020-09-07,2020-09-08,2020-09-09,2020-09-10,2020-09-11,2020-09-12,2020-09-13,2020-09-14,2020-09-15,2020-09-16,2020-09-17,2020-09-18,2020-09-19,2020-09-20,2020-09-21,2020-09-22,2020-09-23,2020-09-24,2020-09-25,2020-09-26,2020-09-27,2020-09-28,2020-09-29,2020-09-30,2020-10-01,2020-10-02,2020-10-03,2020-10-04,2020-10-05,2020-10-06,2020-10-07,2020-10-08,2020-10-09,2020-10-10,2020-10-11,2020-10-12,2020-10-13,2020-10-14,2020-10-15,2020-10-16,2020-10-17,2020-10-18,2020-10-19,2020-10-20,2020-10-21,2020-10-22,2020-10-23,2020-10-24,2020-10-25,2020-10-26,2020-10-27,2020-10-28,2020-10-29,2020-10-30,2020-10-31,2020-11-01,2020-11-02,2020-11-03,2020-11-04,2020-11-05,2020-11-06,2020-11-07,2020-11-08,2020-11-09,2020-11-10,2020-11-11,2020-11-12,2020-11-13,2020-11-14,2020-11-15,2020-11-16,2020-11-17,2020-11-18,2020-11-19,2020-11-20,2020-11-21,2020-11-22,2020-11-23,2020-11-24,2020-11-25,2020-11-26,2020-11-27,2020-11-28,2020-11-29,2020-11-30,2020-12-01,2020-12-02,2020-12-03,2020-12-04,2020-12-05,2020-12-06,2020-12-07,2020-12-08,2020-12-09,2020-12-10,2020-12-11,2020-12-12,2020-12-13,2020-12-14,2020-12-15,2020-12-16,2020-12-17,2020-12-18,2020-12-19,2020-12-20,2020-12-21,2020-12-22,2020-12-23,2020-12-24,2020-12-25,2020-12-26,2020-12-27,2020-12-28,2020-12-29,2020-12-30,2020-12-31,2021-01-01,2021-01-02,2021-01-03,2021-01-04,2021-01-05,2021-01-06,2021-01-07,2021-01-08,2021-01-09,2021-01-10,2021-01-11,2021-01-12,2021-01-13,2021-01-14,2021-01-15,2021-01-16,2021-01-17,2021-01-18,2021-01-19,2021-01-20,2021-01-21,2021-01-22,2021-01-23,2021-01-24,2021-01-25,2021-01-26,2021-01-27,2021-01-28,2021-01-29,2021-01-30,2021-01-31,2021-02-01,2021-02-02,2021-02-03,2021-02-04,2021-02-05,2021-02-06,2021-02-07,2021-02-08,2021-02-09,2021-02-10,2021-02-11,2021-02-12,2021-02-13,2021-02-14,2021-02-15,2021-02-16,2021-02-17,2021-02-18,2021-02-19,2021-02-20,2021-02-21,2021-02-22,2021-02-23,2021-02-24,2021-02-25,2021-02-26,2021-02-27,2021-02-28,2021-03-01,2021-03-02,2021-03-03,2021-03-04,2021-03-05,2021-03-06,2021-03-07,2021-03-08,2021-03-09,2021-03-10,2021-03-11,2021-03-12,2021-03-13,2021-03-14,2021-03-15,2021-03-16,2021-03-17,2021-03-18,2021-03-19,2021-03-20,2021-03-21,2021-03-22,2021-03-23,2021-03-24,2021-03-25,2021-03-26,2021-03-27,2021-03-28,2021-03-29,2021-03-30,2021-03-31,2021-04-01,2021-04-02,2021-04-03,2021-04-04,2021-04-05,2021-04-06,2021-04-07,2021-04-08,2021-04-09,2021-04-10,2021-04-11,2021-04-12,2021-04-13,2021-04-14,2021-04-15,2021-04-16,2021-04-17,2021-04-18,2021-04-19,2021-04-20,2021-04-21,2021-04-22,2021-04-23,2021-04-24,2021-04-25,2021-04-26,2021-04-27,2021-04-28,2021-04-29,2021-04-30,2021-05-01,2021-05-02,2021-05-03,2021-05-04,2021-05-05,2021-05-06,2021-05-07,2021-05-08,2021-05-09,2021-05-10,2021-05-11,2021-05-12,2021-05-13,2021-05-14,2021-05-15,2021-05-16,2021-05-17,2021-05-18,2021-05-19,2021-05-20,2021-05-21,2021-05-22,2021-05-23,2021-05-24,2021-05-25,2021-05-26,2021-05-27,2021-05-28,2021-05-29,2021-05-30,2021-05-31,2021-06-01,2021-06-02,2021-06-03,2021-06-04,2021-06-05,2021-06-06,2021-06-07,2021-06-08,2021-06-09,2021-06-10,2021-06-11,2021-06-12,2021-06-13,2021-06-14,2021-06-15,2021-06-16,2021-06-17,2021-06-18,2021-06-19,2021-06-20,2021-06-21,2021-06-22,2021-06-23,2021-06-24,2021-06-25,2021-06-26,2021-06-27,2021-06-28,2021-06-29,2021-06-30,2021-07-01,2021-07-02,2021-07-03,2021-07-04,2021-07-05,2021-07-06,2021-07-07,2021-07-08,2021-07-09,2021-07-10,2021-07-11,2021-07-12,2021-07-13,2021-07-14,2021-07-15,2021-07-16,2021-07-17,2021-07-18,2021-07-19,2021-07-20,2021-07-21,2021-07-22,2021-07-23,2021-07-24,2021-07-25,2021-07-26,2021-07-27,2021-07-28,2021-07-29,2021-07-30,2021-07-31,2021-08-01,2021-08-02,2021-08-03,2021-08-04,2021-08-05,2021-08-06,2021-08-07,2021-08-08,2021-08-09,2021-08-10,2021-08-11,2021-08-12,2021-08-13,2021-08-14,2021-08-15,2021-08-16,2021-08-17,2021-08-18,2021-08-19,2021-08-20,2021-08-21,2021-08-22,2021-08-23,2021-08-24,2021-08-25,2021-08-26,2021-08-27,2021-08-28,2021-08-29,2021-08-30,2021-08-31,2021-09-01,2021-09-02,2021-09-03,2021-09-04,2021-09-05,2021-09-06,2021-09-07,2021-09-08,2021-09-09,2021-09-10,2021-09-11,2021-09-12,2021-09-13,2021-09-14,2021-09-15,2021-09-16,2021-09-17,2021-09-18,2021-09-19,2021-09-20,2021-09-21,2021-09-22,2021-09-23,2021-09-24,2021-09-25,2021-09-26,2021-09-27,2021-09-28,2021-09-29,2021-09-30
Aceh,4.695135,96.749399,5274871,0,0,0,0,0,0,0,0,0,0,0,0,0,0,1,1,1,1,1,1,1,1,1,1,1,1,1,1,1,1,1,1,1,1,1,1,1,1,1,1,1,1,1,1,1,1,1,1,1,1,1,1,1,1,1,1,1,1,1,1,1,1,1,1,1,1,1,1,1,1,1,1,1,1,1,1,1,1,1,1,1,1,1,1,1,1,1,1,2,2,2,2,2,2,2,2,2,2,2,2,2,3,3,3,3,3,3,3,3,3,3,3,3,4,4,5,7,8,8,8,9,9,9,9,10,10,10,10,10,10,12,12,12,12,15,17,17,18,18,18,18,19,19,19,21,22,24,26,26,26,28,28,28,30,30,32,35,38,38,38,49,55,61,63,66,68,72,74,76,78,81,83,85,87,89,89,93,98,104,115,127,130,130,134,136,142,145,145,147,150,155,167,174,176,179,184,187,193,198,202,204,204,206,208,209,210,213,216,219,225,226,233,233,235,238,240,244,250,251,256,260,266,266,269,270,270,270,272,277,279,279,282,282,282,282,282,282,282,282,282,282,283,306,306,306,306,306,306,306,311,317,318,319,323,323,329,330,330,336,341,341,341,342,342,342,349,350,350,352,354,354,354,354,354,355,355,355,357,357,357,358,358,358,358,358,358,358,358,358,358,358,358,361,361,362,363,363,368,370,372,373,374,374,377,377,378,378,378,378,378,378,378,378,378,378,378,378,378,379,379,379,379,379,379,380,380,380,380,380,382,382,382,382,382,382,382,382,382,382,382,383,383,384,384,384,384,384,387,387,387,387,387,387,387,387,388,388,388,388,388,388,388,388,388,388,388,388,391,391,394,394,396,396,397,397,397,397,397,397,398,398,399,399,401,401,404,404,406,406,407,407,408,408,410,410,418,418,422,422,429,429,432,432,439,439,442,442,450,450,461,461,466,466,476,476,483,483,487,487,492,492,499,499,512,512,524,524,536,536,553,553,564,564,579,579,597,597,600,600,616,616,621,621,634,634,657,657,678,678,690,690,707,707,713,713,723,723,745,745,757,757,769,769,787,787,808,808,819,819,826,826,835,835,849,849,864,864,872,872,887,887,902,902,923,923,926,926,931,931,937,937,947,947,960,960,980,980,994,994,1010,1010,1038,1038,1059,1059,1090,1090,1102,1102,1141,1141,1167,1167,1206,1206,1228,1228,1275,1275,1321,1321,1352,1352,1385,1385,1427,1427,1472,1472,1502,1502,1540,1540,1565,1565,1625,1625,1657,1657,1693,1693,1713,1713,1750,1750,1780,1780,1815,1815,1845,1845,1880,1880,1894,1894,1907,1907,1927,1927
Bali,-8.409518,115.188916,4317404,1,2,2,2,2,2,2,2,2,2,2,2,2,2,2,2,2,2,2,2,2,2,2,2,2,2,2,2,3,3,3,3,4,4,4,4,4,4,4,4,4,4,4,4,4,4,4,4,4,4,4,4,4,4,4,4,4,4,4,4,4,4,4,4,4,4,4,4,4,4,4,4,5,5,5,5,5,5,5,5,5,5,5,5,6,6,6,6,6,6,6,7,9,9,9,9,11,11,11,13,13,14,15,16,16,18,20,23,25,25,26,26,27,27,27,27,29,32,35,36,40,44,46,46,48,48,48,48,48,48,48,48,48,48,48,48,48,48,48,49,49,49,49,49,49,49,49,49,50,50,51,51,51,51,52,52,52,54,56,58,60,62,65,68,70,75,79,88,98,105,116,128,142,151,161,168,174,179,184,188,194,199,206,216,222,229,236,241,245,247,254,263,271,275,278,284,287,291,295,301,306,313,317,320,321,324,332,339,340,341,343,346,349,351,353,355,361,371,372,374,378,380,382,385,287,389,391,392,393,396,399,399,399,400,400,402,403,403,403,403,403,403,404,404,406,406,407,410,411,414,419,422,423,424,428,431,432,437,441,442,444,446,446,451,455,459,461,463,463,468,470,472,476,477,481,482,483,485,488,493,497,500,504,506,515,519,520,525,527,534,536,543,548,552,556,559,563,569,575,577,583,586,587,591,597,603,608,616,624,627,637,646,651,659,666,671,680,686,692,698,707,715,727,736,746,753,763,775,783,797,805,814,823,835,843,863,863,871,887,887,901,901,916,916,919,935,935,960,960,971,971,978,978,992,992,1008,1008,1013,1013,1029,1029,1045,1045,1060,1060,1067,1067,1090,1090,1102,1102,1112,1112,1128,1128,1143,1143,1154,1154,1164,1164,1176,1176,1197,1197,1204,1204,1218,1218,1226,1226,1240,1240,1258,1258,1274,1274,1293,1293,1301,1301,1317,1317,1333,1333,1347,1347,1361,1361,1377,1377,1394,1394,1407,1407,1425,1425,1433,1433,1439,1439,1449,1449,1463,1463,1468,1468,1474,1474,1480,1480,1487,1487,1498,1498,1502,1502,1504,1504,1508,1508,1509,1509,1514,1514,1515,1515,1520,1520,1525,1525,1527,1527,1531,1531,1535,1535,1539,1539,1545,1545,1550,1550,1559,1559,1560,1560,1577,1577,1585,1585,1597,1597,1612,1612,1625,1625,1648,1648,1691,1691,1726,1726,1769,1769,1817,1817,1873,1873,1930,1930,1983,1983,2060,2060,2117,2117,2184,2184,2269,2269,2331,2331,2416,2416,2481,2481,2544,2544,2630,2630,2709,2709,2805,2805,2933,2933,3063,3063,3181,3181,3270,3270,3366,3366,3444,3444,3508,3508,3553,3553,3598,3598,3633,3633,3674,3674,3703,3703,3736,3736,3773,3773,3804,3804,3826,3826,3849,3849,3877,3877,3905,3905,3918,3918,3931,3931,3943,3943
Banten,-6.405817,106.064018,11904562,2,3,3,4,4,4,4,4,4,4,4,14,14,14,17,17,17,18,18,20,21,21,21,22,22,25,32,34,34,34,35,35,35,35,39,39,39,40,41,41,41,41,41,41,41,41,41,56,56,56,56,56,56,57,57,60,61,61,62,62,62,65,66,66,66,66,66,66,66,69,69,69,69,69,69,69,70,71,71,71,72,73,75,76,79,79,79,79,79,79,79,79,79,79,79,79,79,79,79,79,79,79,79,79,79,79,80,80,80,80,80,81,81,81,81,81,81,82,82,83,84,84,85,85,85,85,85,87,87,87,87,89,90,90,90,92,93,93,94,95,96,96,96,96,98,98,99,99,100,100,101,101,101,101,103,103,103,103,104,104,104,104,108,108,112,113,114,114,114,114,117,117,117,117,117,117,117,117,118,119,122,123,124,129,136,152,159,160,162,162,167,169,170,171,174,177,179,184,187,191,192,197,197,200,203,205,208,216,218,219,226,231,236,239,240,244,248,250,258,261,261,262,264,266,269,271,275,277,280,280,287,289,292,298,298,298,298,298,298,298,298,298,298,298,302,305,305,307,314,316,318,322,324,329,334,339,340,345,350,353,358,362,365,369,372,374,376,377,378,381,382,384,384,390,390,397,397,403,403,408,410,410,413,418,425,425,426,432,434,439,441,441,450,451,457,462,466,468,474,479,483,487,497,497,500,500,505,515,521,522,530,532,534,537,537,537,547,558,580,580,580,582,590,591,599,601,601,601,601,601,602,602,604,604,605,607,607,609,610,610,610,610,613,613,613,614,614,614,614,627,627,628,628,635,635,638,638,644,644,677,677,699,699,713,713,717,717,728,728,738,738,738,738,788,788,803,803,828,828,1166,1166,1166,1166,1170,1170,1173,1173,1176,1176,1178,1178,1190,1190,1191,1191,1194,1194,1197,1197,1199,1199,1200,1200,1200,1200,1210,1210,1212,1212,1219,1219,1220,1220,1224,1224,1229,1229,1229,1229,1229,1229,1233,1233,1236,1236,1239,1239,1245,1245,1248,1248,1250,1250,1255,1255,1257,1257,1258,1258,1264,1264,1266,1266,1270,1270,1275,1275,1280,1280,1287,1287,1291,1291,1298,1298,1309,1309,1320,1320,1333,1333,1342,1342,1368,1368,1394,1394,1401,1401,1425,1425,1434,1434,1452,1452,1464,1464,1481,1481,1504,1504,1533,1533,1554,1554,1569,1569,1618,1618,1658,1658,1683,1683,1758,1758,1842,1842,1995,1995,2170,2170,2267,2267,2297,2297,2353,2353,2397,2397,2438,2438,2480,2480,2513,2513,2545,2545,2555,2555,2567,2567,2584,2584,2597,2597,2605,2605,2616,2616,2623,2623,2627,2627,2631,2631,2636,2636,2640,2640,2645,2645,2646,2646,2652,2652,2656,2656,2658,2658,2661,2661,2664,2664,2667,2667,2668,2668,2670,2670
Babel,-2.741051,106.4405872,1455678,0,0,0,0,0,0,0,0,0,0,0,1,1,1,1,1,1,1,1,1,1,1,1,1,1,1,1,1,1,1,1,1,1,1,1,1,1,1,1,1,1,1,1,1,1,1,1,1,1,1,1,1,1,1,1,1,1,1,1,1,1,1,1,1,1,1,1,1,1,1,1,1,1,1,1,1,1,1,1,1,1,1,1,1,1,1,2,3,3,2,2,2,2,2,2,2,2,2,2,2,2,2,2,2,2,2,2,2,2,2,2,2,2,2,2,2,2,2,2,2,2,2,2,2,2,2,2,2,2,2,2,2,2,2,2,2,2,2,2,2,2,2,2,2,2,2,2,2,2,2,2,2,2,2,2,2,2,2,2,2,2,2,2,2,2,2,2,2,2,2,2,2,2,3,3,3,3,3,3,3,3,4,4,4,4,4,4,4,4,4,4,4,4,4,4,5,5,6,6,6,6,6,6,6,6,6,6,6,6,6,6,7,7,7,7,7,7,7,7,7,7,7,7,7,7,7,7,7,7,7,7,7,7,7,8,8,10,10,10,10,10,10,10,11,11,11,11,12,12,12,12,12,13,13,13,14,14,15,15,17,17,18,18,19,19,19,19,20,20,21,24,24,25,26,27,27,28,28,28,30,31,32,32,33,34,35,36,36,36,39,42,45,48,48,48,52,53,53,56,58,61,62,63,65,66,69,74,75,76,78,78,79,79,79,81,82,83,84,84,85,85,86,87,88,91,92,92,95,96,97,97,97,99,101,102,104,104,105,106,106,109,109,111,111,111,112,112,112,112,113,113,117,117,118,118,123,123,124,124,127,127,131,131,133,133,139,139,140,140,142,142,147,147,152,152,157,157,158,158,162,162,165,165,167,167,171,171,173,173,175,175,179,179,183,183,186,186,189,189,192,192,201,201,208,208,213,213,218,218,221,221,223,223,232,232,233,233,237,237,239,239,243,243,247,247,250,250,251,251,256,256,260,260,269,269,269,269,274,274,277,277,283,283,289,289,298,298,301,301,303,303,307,307,313,313,316,316,321,321,322,322,326,326,327,327,327,327,335,335,337,337,345,345,360,360,372,372,385,385,410,410,430,430,455,455,484,484,511,511,549,549,575,575,609,609,645,645,688,688,739,739,784,784,830,830,881,881,932,932,976,976,1000,1000,1025,1025,1055,1055,1084,1084,1117,1117,1154,1154,1184,1184,1211,1211,1232,1232,1242,1242,1261,1261,1275,1275,1295,1295,1313,1313,1326,1326,1336,1336,1346,1346,1354,1354,1365,1365,1372,1372,1378,1378,1389,1389,1394,1394,1397,1397
Bengkulu,-3.577847,102.346388,2010670,0,0,0,0,0,0,0,0,0,0,1,1,1,1,1,1,1,1,1,1,1,1,1,1,1,1,1,1,1,1,1,1,1,1,1,1,1,1,1,1,1,1,1,1,1,1,1,1,1,1,1,1,1,1,2,2,2,2,2,2,2,2,2,2,2,2,2,2,2,2,2,2,2,2,2,2,3,4,4,4,4,4,4,4,5,6,6,6,6,6,8,8,8,8,9,10,10,10,10,10,11,12,12,12,12,13,13,13,13,13,14,14,16,16,16,16,16,16,16,16,16,16,16,16,16,16,16,16,16,16,16,18,18,18,19,19,20,20,20,20,21,21,22,22,24,24,24,24,24,24,24,24,24,24,24,24,24,24,24,25,25,25,25,25,25,25,25,25,26,26,26,26,26,27,28,30,30,30,30,30,30,30,31,31,31,31,31,31,32,34,34,34,34,34,36,37,37,37,37,37,37,37,38,38,39,39,39,39,39,40,43,44,44,45,45,46,46,47,48,48,48,48,48,48,49,49,52,54,54,54,54,56,56,56,56,57,59,59,60,62,62,63,64,66,66,66,67,71,71,72,73,74,77,77,77,78,78,80,83,85,88,89,90,91,93,94,96,98,100,100,100,102,103,105,107,108,109,111,111,113,114,115,116,117,117,117,117,117,117,118,118,120,122,125,126,127,129,133,133,133,134,135,135,136,136,137,138,139,139,139,139,140,140,140,140,140,141,141,141,141,142,142,142,142,145,145,145,145,145,145,145,145,146,146,146,146,146,147,147,147,147,147,147,147,147,147,147,147,147,147,147,150,150,150,150,150,150,150,150,151,151,152,152,152,152,152,152,153,153,154,154,154,154,155,155,157,157,157,157,157,157,157,157,158,158,160,160,160,160,162,162,164,164,165,165,166,166,168,168,171,171,172,172,172,172,172,172,173,173,175,175,175,175,175,175,175,175,175,175,176,176,176,176,176,176,176,176,176,176,178,178,178,178,178,178,181,181,182,182,183,183,183,183,183,183,183,183,188,188,189,189,190,190,193,193,198,198,202,202,204,204,210,210,211,211,215,215,226,226,234,234,238,238,241,241,248,248,248,248,253,253,255,255,256,256,258,258,264,264,275,275,281,281,283,283,284,284,286,286,288,288,290,290,302,302,310,310,328,328,339,339,343,343,350,350,352,352,391,391,396,396,404,404,430,430,433,433,440,440,441,441,444,444,449,449,453,453,456,456,460,460,461,461,461,461,465,465,465,465,465,465,465,465,465,465,466,466,466,466
DIY,-7.875385,110.426209,3668719,0,0,0,1,2,2,2,2,2,2,2,2,3,3,3,3,3,3,7,7,7,7,7,7,7,7,7,7,7,7,7,7,7,7,7,7,7,7,7,7,7,7,7,7,7,7,7,7,7,7,7,7,7,7,7,7,8,8,8,8,8,8,8,8,8,8,8,8,8,8,8,8,8,8,8,8,8,8,8,8,8,8,8,8,8,8,8,8,8,8,8,8,8,8,8,8,8,8,8,8,8,8,8,8,8,8,8,8,8,8,9,9,9,9,10,10,10,11,11,11,12,12,13,14,15,15,16,17,17,19,19,19,20,21,21,21,21,21,21,21,23,24,25,25,26,26,28,28,28,28,29,29,31,32,33,33,34,34,36,36,36,37,37,39,39,41,43,44,45,46,46,47,48,49,50,50,52,53,53,53,53,53,54,58,60,60,61,64,64,64,65,65,67,67,69,73,74,75,75,75,75,76,78,78,79,80,81,83,85,85,85,86,86,86,88,88,88,88,88,88,89,90,91,92,93,93,94,95,97,99,100,102,103,105,105,106,108,110,111,112,112,113,115,115,117,119,123,127,133,136,137,140,144,145,145,146,147,148,148,150,152,153,154,155,162,165,166,168,169,172,175,177,179,182,190,197,206,206,214,226,232,235,239,249,260,260,273,275,288,290,293,297,301,308,315,324,333,336,341,349,367,379,388,394,395,408,417,422,430,439,454,460,475,484,487,494,508,515,521,525,531,533,537,540,553,557,564,567,575,582,590,595,599,609,619,627,627,635,652,652,661,661,674,674,678,686,686,698,698,703,703,713,713,721,721,722,722,729,729,738,738,745,745,753,753,761,761,768,768,777,777,794,794,805,805,814,814,824,824,827,827,835,835,846,846,859,859,869,869,879,879,894,894,906,906,919,919,932,932,941,941,948,948,955,955,960,960,970,970,987,987,1003,1003,1023,1023,1033,1033,1045,1045,1063,1063,1076,1076,1089,1089,1109,1109,1121,1121,1138,1138,1151,1151,1164,1164,1183,1183,1196,1196,1208,1208,1219,1219,1232,1232,1248,1248,1267,1267,1280,1280,1312,1312,1342,1342,1367,1367,1394,1394,1422,1422,1460,1460,1511,1511,1559,1559,1620,1620,1694,1694,1778,1778,1848,1848,1929,1929,2026,2026,2130,2130,2249,2249,2382,2382,2508,2508,2683,2683,2867,2867,3003,3003,3174,3174,3325,3325,3459,3459,3590,3590,3693,3693,3848,3848,3958,3958,4072,4072,4167,4167,4290,4290,4370,4370,4460,4460,4536,4536,4614,4614,4692,4692,4728,4728,4781,4781,4849,4849,4905,4905,4948,4948,4984,4984,5005,5005,5036,5036,5060,5060,5084,5084,5108,5108,5121,5121,5139,5139,5151,5151,5163,5163,5171,5171,5180,5180,5190,5190
Jakarta,-6.211544,106.845172,10562088,23,29,29,31,31,46,51,62,68,74,83,85,90,90,89,95,99,106,114,142,154,159,195,204,241,242,244,246,253,287,287,298,301,301,326,346,353,367,370,370,371,375,392,398,408,409,414,423,424,427,434,441,443,449,452,460,460,463,463,470,472,481,500,501,501,501,501,509,509,509,516,517,518,518,523,523,524,524,529,529,533,535,537,540,548,555,557,557,563,578,578,585,586,586,594,602,608,616,624,625,625,632,632,638,643,643,649,649,661,665,671,671,681,691,697,701,706,713,719,727,736,745,748,751,751,755,755,759,769,784,798,817,831,843,844,860,874,888,901,913,924,930,932,944,959,970,974,980,981,995,1014,1032,1048,1063,1080,1097,1113,1129,1135,1146,1156,1174,1183,1197,1214,1231,1246,1252,1265,1274,1296,1317,1334,1351,1368,1386,1391,1418,1450,1481,1495,1517,1527,1541,1570,1600,1628,1648,1661,1673,1686,1695,1716,1729,1735,1738,1742,1755,1771,1802,1817,1834,1855,1871,1889,1914,1933,1950,1970,1994,2015,2032,2046,2068,2089,2105,2126,2146,2164,2177,2188,2204,2218,2232,2251,2270,2288,2298,2313,2328,2346,2357,2365,2377,2390,2402,2412,2428,2440,2445,2452,2456,2464,2478,2493,2509,2525,2542,2561,2578,2592,2607,2622,2641,2660,2683,2706,2732,2755,2778,2801,2825,2846,2864,2882,2900,2917,2933,2950,2972,2994,3014,3033,3053,3072,3087,3101,3116,3132,3153,3167,3189,3210,3228,3249,3270,3290,3316,3326,3347,3366,3382,3403,3427,3454,3485,3516,3550,3595,3638,3673,3705,3738,3774,3814,3847,3877,3918,3949,3988,4031,4077,4111,4151,4195,4225,4267,4312,4356,4400,4440,4485,4529,4573,4616,4666,4709,4760,4810,4863,4906,4961,5010,5057,5089,5135,5135,5190,5275,5275,5366,5366,5453,5453,5495,5583,5583,5667,5667,5756,5756,5849,5849,5939,5939,5994,5994,6060,6060,6101,6101,6141,6141,6184,6184,6215,6215,6237,6237,6260,6260,6301,6301,6327,6327,6345,6345,6359,6359,6369,6369,6390,6390,6410,6410,6424,6424,6437,6437,6450,6450,6486,6486,6513,6513,6539,6539,6568,6568,6594,6594,6625,6625,6662,6662,6681,6681,6711,6711,6741,6741,6782,6782,6824,6824,6866,6866,6894,6894,6925,6925,6968,6968,7002,7002,7038,7038,7062,7062,7086,7086,7115,7115,7146,7146,7178,7178,7210,7210,7251,7251,7293,7293,7333,7333,7372,7372,7412,7412,7470,7470,7524,7524,7640,7640,7768,7768,7901,7901,7998,7998,8118,8118,8249,8249,8400,8400,8476,8476,8592,8592,8849,8849,9121,9121,9349,9349,9526,9526,9669,9669,9942,9942,10167,10167,10685,10685,10974,10974,11282,11282,11599,11599,11852,11852,11922,11922,12244,12244,12468,12468,12657,12657,12778,12778,12812,12812,12894,12894,13004,13004,13050,13050,13102,13102,13149,13149,13173,13173,13221,13221,13240,13240,13259,13259,13275,13275,13309,13309,13330,13330,13351,13351,13378,13378,13405,13405,13430,13430,13456,13456,13465,13465,13484,13484,13495,13495,13502,13502,13510,13510,13517,13517,13523,13523,13530,13530,13539,13539
Jambi,-1.485183,102.438058,3548228,0,0,0,0,0,0,0,0,0,0,0,0,0,0,0,0,0,0,0,0,0,0,0,0,0,0,0,0,0,0,0,0,0,0,0,0,0,0,0,0,0,0,0,0,0,0,0,0,0,0,0,0,0,0,0,0,0,0,0,0,0,0,0,0,0,0,0,0,0,0,0,0,0,0,0,0,0,0,0,0,0,0,0,0,0,0,0,0,0,0,0,0,0,0,0,0,0,0,0,0,0,0,0,0,0,0,0,1,1,1,1,1,1,1,1,2,2,2,2,2,2,2,2,2,2,2,2,2,2,2,2,4,4,4,4,4,4,4,4,4,4,4,4,4,4,4,4,4,4,4,4,4,4,5,5,5,5,5,5,5,5,5,5,5,5,5,5,5,5,5,5,5,5,6,7,7,7,7,7,7,8,8,8,8,8,8,8,8,8,9,9,9,11,11,11,14,14,14,14,14,14,14,16,16,18,18,18,18,18,18,18,18,19,21,21,21,21,21,21,21,22,23,23,23,23,23,23,24,24,24,24,24,24,24,24,25,27,28,30,30,30,32,32,33,33,34,35,35,36,36,36,37,37,37,37,37,37,39,39,39,41,41,42,42,42,45,46,47,47,47,47,47,48,48,49,49,49,51,51,51,52,52,52,54,55,55,55,56,56,57,57,57,59,60,60,63,63,63,64,64,64,66,66,66,66,66,66,67,67,67,67,67,68,68,69,69,72,72,72,74,75,75,76,76,76,76,76,76,77,77,77,77,77,78,80,80,80,81,81,81,82,82,82,82,82,84,84,84,84,85,85,86,86,87,87,87,87,88,88,88,88,88,88,89,89,89,89,89,89,92,92,93,93,94,94,94,94,95,95,95,95,95,95,95,95,96,96,96,96,96,96,98,98,100,100,101,101,103,103,104,104,108,108,114,114,118,118,121,121,128,128,132,132,137,137,139,139,139,139,142,142,144,144,145,145,157,157,160,160,165,165,168,168,177,177,183,183,185,185,190,190,194,194,196,196,200,200,201,201,208,208,214,214,218,218,226,226,236,236,240,240,246,246,253,253,261,261,270,270,280,280,284,284,291,291,297,297,304,304,306,306,312,312,321,321,332,332,341,341,357,357,371,371,387,387,418,418,432,432,447,447,480,480,508,508,520,520,534,534,550,550,571,571,585,585,601,601,614,614,635,635,651,651,666,666,690,690,700,700,711,711,715,715,720,720,732,732,738,738,742,742,749,749,751,751,752,752,757,757,759,759,760,760,763,763,766,766,767,767
Jabar,-7.090911,107.668887,48274162,7,9,9,10,10,11,14,17,19,20,21,21,25,25,28,28,29,29,35,40,40,40,43,52,52,52,53,56,56,59,62,68,71,74,77,77,77,78,79,79,83,83,84,85,86,87,90,90,92,95,95,95,98,98,99,100,100,110,123,124,124,124,125,127,128,128,137,142,142,142,144,144,144,151,154,155,158,158,158,161,161,161,161,161,161,161,162,162,169,171,171,171,171,171,171,171,173,175,175,175,175,176,177,177,177,177,177,178,180,182,186,186,186,186,186,186,187,187,188,190,190,190,199,203,206,206,206,206,206,206,208,210,210,210,210,210,216,216,217,221,224,228,228,232,233,234,235,235,237,238,238,242,244,252,258,259,262,263,263,263,265,265,265,273,275,276,280,281,281,281,281,283,286,286,293,294,299,299,305,306,309,311,311,317,319,330,343,355,368,386,387,390,405,420,435,450,465,480,495,511,524,527,529,530,530,539,539,552,559,559,559,559,580,600,616,639,649,668,679,694,708,714,714,718,719,721,732,737,752,761,761,761,762,764,769,774,795,802,804,804,827,850,854,863,865,865,866,868,872,878,882,887,892,898,909,922,926,947,951,955,962,971,977,993,1025,1046,1052,1057,1072,1080,1081,1092,1093,1094,1095,1099,1102,1104,1114,1114,1114,1157,1157,1159,1161,1172,1175,1176,1178,1180,1188,1199,1201,1205,1211,1219,1230,1245,1256,1267,1294,1336,1347,1375,1399,1412,1485,1493,1509,1517,1519,1532,1638,1838,1843,1870,1932,1937,1985,1995,2005,2033,2037,2039,2051,2068,2084,2102,2107,2109,2113,2118,2132,2135,2144,2174,2174,2178,2217,2217,2297,2297,2309,2309,2360,2413,2413,2507,2507,2515,2515,2589,2589,2663,2663,2712,2712,2720,2720,2775,2775,2855,2855,2896,2896,2965,2965,3013,3013,3026,3026,3135,3135,3149,3149,3230,3230,3240,3240,3249,3249,3320,3320,3355,3355,3367,3367,3415,3415,3474,3474,3488,3488,3505,3505,3564,3564,3615,3615,3645,3645,3678,3678,3717,3717,3751,3751,3774,3774,3823,3823,3864,3864,3876,3876,3910,3910,3942,3942,3953,3953,3985,3985,4032,4032,4062,4062,4083,4083,4115,4115,4140,4140,4165,4165,4199,4199,4231,4231,4281,4281,4312,4312,4360,4360,4389,4389,4415,4415,4440,4440,4466,4466,4532,4532,4609,4609,4706,4706,4826,4826,4984,4984,5150,5150,5352,5352,5454,5454,5558,5558,5645,5645,5848,5848,6172,6172,6616,6616,6902,6902,7165,7165,7340,7340,7492,7492,7752,7752,8023,8023,8372,8372,8886,8886,9184,9184,9552,9552,9818,9818,10133,10133,10319,10319,10497,10497,11108,11108,11268,11268,11357,11357,11512,11512,11799,11799,12410,12410,12506,12506,13090,13090,13350,13350,13391,13391,13478,13478,13574,13574,13795,13795,13984,13984,14423,14423,14444,14444,14455,14455,14479,14479,14510,14510,14524,14524,14540,14540,14562,14562,14588,14588,14596,14596,14608,14608,14624,14624
Jateng,-7.150975,110.140259,36516035,3,3,3,3,4,6,6,7,7,7,7,7,7,18,18,18,22,22,22,22,22,22,25,25,26,27,27,41,41,44,44,44,53,53,54,54,58,58,58,59,59,60,62,62,62,62,64,64,65,66,66,66,66,66,66,70,70,70,70,70,70,70,70,70,70,70,70,70,70,70,70,70,70,70,71,71,76,76,98,98,103,103,103,103,103,104,121,121,121,130,143,143,143,144,148,150,150,150,150,150,150,150,160,170,170,185,200,215,220,225,225,235,235,240,240,240,258,267,285,300,323,359,374,444,504,544,554,564,574,582,594,606,624,637,655,665,665,680,700,709,720,723,728,731,751,765,774,780,786,791,801,809,813,818,834,846,849,874,904,937,965,975,990,998,1012,1043,1061,1066,1076,1084,1090,1096,1106,1124,1129,1139,1145,1153,1165,1179,1195,1203,1243,1252,1272,1314,1334,1359,1372,1386,1389,1397,1409,1414,1419,1436,1441,1444,1449,1457,1462,1472,1482,1499,1507,1514,1522,1532,1560,1569,1579,1582,1587,1607,1620,1630,1645,1665,1673,1689,1701,1711,1720,1734,1745,1756,1766,1789,1804,1819,1831,1859,1866,1876,1891,1906,1918,1950,1990,2011,2021,2062,2080,2088,2095,2110,2130,2140,2153,2162,2197,2248,2267,2340,2363,2370,2393,2409,2414,2424,2462,2470,2476,2513,2544,2562,2587,2635,2651,2674,2698,2728,2746,2770,2843,2927,2972,3003,3056,3147,3167,3247,3331,3422,3501,3562,3600,3686,3749,3787,3840,3888,3935,3992,4014,4031,4062,4161,4255,4343,4375,4443,4485,4568,4672,4742,4843,4871,4889,4892,5018,5130,5238,5319,5342,5359,5384,5464,5522,5529,5609,5622,5631,5654,5660,5708,5713,5726,5747,5856,5924,5950,6016,6059,6082,6131,6131,6143,6326,6326,6465,6465,6661,6661,6675,6696,6696,6731,6731,6743,6743,6824,6824,6895,6895,6932,6932,6937,6937,6978,6978,7072,7072,7125,7125,7145,7145,7186,7186,7201,7201,7207,7207,7265,7265,7290,7290,7300,7300,7384,7384,7389,7389,7454,7454,7477,7477,7507,7507,7564,7564,7594,7594,7618,7618,7771,7771,7853,7853,7907,7907,8001,8001,8132,8132,8227,8227,8276,8276,8363,8363,8388,8388,8482,8482,8638,8638,8663,8663,8722,8722,8782,8782,8852,8852,8964,8964,9017,9017,9059,9059,9088,9088,9153,9153,9184,9184,9249,9249,9330,9330,9388,9388,9449,9449,9522,9522,9596,9596,9660,9660,9694,9694,9797,9797,9917,9917,10026,10026,10149,10149,10304,10304,10429,10429,10568,10568,10968,10968,11294,11294,11655,11655,12364,12364,12728,12728,13071,13071,13477,13477,13971,13971,14397,14397,14978,14978,15766,15766,16550,16550,17084,17084,17899,17899,19027,19027,19688,19688,20427,20427,21413,21413,22252,22252,23007,23007,23847,23847,24697,24697,25381,25381,26053,26053,26719,26719,27393,27393,27808,27808,28024,28024,28147,28147,28240,28240,28313,28313,28681,28681,28875,28875,29035,29035,29296,29296,29421,29421,29466,29466,29549,29549,29630,29630,29708,29708,29738,29738,29775,29775,29807,29807,29822,29822,29854,29854,29894,29894
Jatim,-7.536064,112.238402,40665696,1,1,1,1,1,3,4,4,7,8,8,9,11,11,14,14,14,16,16,17,22,25,27,30,41,45,46,46,49,54,56,56,58,60,67,75,87,88,90,95,96,99,106,111,117,117,123,133,138,141,143,149,155,163,167,178,183,194,209,222,228,241,256,271,283,292,301,320,334,345,372,396,412,418,429,437,446,463,483,502,514,530,553,575,589,600,616,637,651,664,678,698,715,728,741,750,764,796,813,831,863,893,926,948,969,996,1020,1053,1079,1102,1125,1152,1188,1208,1226,1247,1275,1301,1338,1349,1401,1433,1461,1496,1525,1554,1572,1589,1608,1630,1663,1677,1698,1719,1719,1741,1781,1799,1817,1834,1856,1877,1894,1915,1931,1953,1967,1988,2023,2037,2055,2074,2098,2128,2153,2172,2195,2222,2252,2282,2302,2323,2349,2370,2396,2425,2459,2488,2515,2545,2576,2608,2646,2688,2717,2746,2763,2800,2832,2867,2896,2922,2942,2965,2990,3015,3035,3062,3084,3102,3118,3138,3162,3192,3222,3240,3260,3280,3302,3325,3350,3374,3394,3404,3425,3447,3468,3485,3497,3516,3529,3544,3562,3582,3606,3619,3631,3647,3663,3683,3704,3724,3740,3758,3768,3776,3799,3818,3838,3853,3870,3884,3899,3913,3933,3951,3970,3982,4007,4022,4036,4041,4068,4084,4109,4125,4149,4184,4215,4249,4275,4314,4346,4375,4407,4438,4468,4493,4526,4550,4584,4618,4667,4705,4740,4791,4832,4879,4920,4969,5016,5055,5102,5150,5210,5254,5303,5353,5399,5477,5535,5583,5637,5701,5762,5827,5900,5959,6009,6065,6119,6173,6241,6314,6380,6441,6511,6576,6647,6716,6779,6833,6890,6968,7057,7135,7195,7266,7325,7381,7440,7514,7582,7639,7691,7754,7805,7864,7919,7977,8016,8068,8114,8152,8204,8247,8286,8347,8467,8512,8562,8613,8668,8702,8755,8834,8834,8868,8958,8958,9032,9032,9088,9088,9117,9179,9179,9238,9238,9277,9277,9326,9326,9384,9384,9429,9429,9471,9471,9523,9523,9578,9578,9644,9644,9695,9695,9744,9744,9791,9791,9828,9828,9887,9887,9947,9947,9992,9992,10044,10044,10109,10109,10150,10150,10200,10200,10266,10266,10313,10313,10361,10361,10407,10407,10469,10469,10517,10517,10553,10553,10600,10600,10648,10648,10689,10689,10736,10736,10794,10794,10841,10841,10877,10877,10929,10929,10962,10962,11002,11002,11043,11043,11096,11096,11133,11133,11165,11165,11207,11207,11251,11251,11289,11289,11335,11335,11385,11385,11432,11432,11478,11478,11539,11539,11604,11604,11667,11667,11726,11726,11813,11813,11905,11905,11994,11994,12085,12085,12187,12187,12289,12289,12419,12419,12591,12591,12747,12747,12916,12916,13138,13138,13458,13458,13806,13806,14256,14256,14669,14669,15225,15225,15836,15836,16463,16463,17135,17135,17840,17840,18529,18529,19284,19284,20002,20002,20660,20660,21331,21331,21981,21981,22683,22683,23292,23292,24052,24052,24619,24619,25123,25123,25616,25616,26074,26074,26490,26490,26882,26882,27273,27273,27595,27595,27907,27907,28171,28171,28432,28432,28609,28609,28760,28760,28902,28902,28996,28996,29066,29066,29127,29127,29180,29180,29219,29219,29261,29261,29300,29300,29340,29340,29365,29365,29391,29391,29413,29413
Kalbar,-0.278781,111.475285,5414390,0,0,0,0,0,0,0,0,0,0,2,2,2,2,2,2,2,2,2,2,2,2,3,3,3,3,3,3,3,3,3,3,3,3,3,3,3,3,3,3,3,3,3,3,3,3,3,3,3,3,3,3,3,3,3,3,3,4,4,4,4,4,4,4,4,4,4,4,4,4,4,4,4,4,4,4,4,4,4,4,4,4,4,4,4,4,4,4,4,4,4,4,4,4,4,4,4,4,4,4,4,4,4,4,4,4,4,4,4,4,4,4,4,4,4,4,4,4,4,4,4,4,4,4,4,4,4,4,4,4,4,4,4,4,4,4,4,4,4,4,4,4,4,4,4,4,4,4,4,4,4,4,4,4,4,4,4,4,4,4,4,4,5,5,5,5,5,5,6,6,6,6,6,6,6,6,6,6,7,7,7,7,7,7,7,7,8,8,8,8,9,9,10,9,9,9,9,9,9,9,9,9,9,9,9,9,9,9,9,9,9,10,10,10,10,10,10,10,10,12,12,16,17,20,20,21,21,22,22,22,22,22,22,22,22,22,22,22,22,22,22,22,22,22,22,22,22,22,22,22,22,22,22,22,22,22,22,22,22,23,23,24,24,24,24,24,24,24,24,25,25,25,25,25,25,25,26,26,26,26,26,26,26,27,27,27,27,27,27,27,28,28,28,28,28,28,28,28,28,28,28,28,28,28,28,28,28,28,28,28,28,28,28,28,29,30,30,30,30,30,30,30,30,31,31,32,32,32,32,32,32,32,32,32,32,33,33,33,33,33,33,33,33,33,33,33,33,33,33,33,33,33,33,33,33,33,33,33,33,33,33,33,33,33,33,33,33,33,33,33,33,33,33,33,33,33,33,33,33,33,33,33,33,33,33,33,33,33,33,34,34,37,37,40,40,42,42,42,42,43,43,43,43,44,44,45,45,46,46,55,55,55,55,59,59,61,61,65,65,67,67,71,71,75,75,79,79,82,82,84,84,88,88,91,91,94,94,98,98,104,104,108,108,111,111,114,114,116,116,116,116,122,122,127,127,156,156,186,186,216,216,246,246,265,265,271,271,301,301,351,351,401,401,418,418,430,430,449,449,472,472,477,477,501,501,522,522,546,546,569,569,589,589,610,610,633,633,660,660,680,680,704,704,724,724,743,743,761,761,775,775,796,796,820,820,851,851,879,879,903,903,922,922,951,951,956,956,962,962,969,969,978,978,985,985,992,992,1003,1003,1013,1013,1018,1018,1021,1021,1028,1028,1031,1031,1033,1033,1038,1038,1040,1040,1041,1041,1045,1045
Kaltim,1.64063,116.419389,3766039,0,0,0,0,0,0,0,0,0,0,0,1,1,1,1,1,1,1,1,1,1,1,1,1,1,1,1,1,1,1,1,1,1,1,1,1,1,1,1,1,1,1,1,1,1,2,2,2,2,2,2,2,3,3,3,3,3,3,3,3,3,3,3,3,3,3,3,3,3,3,3,3,3,3,3,3,3,3,3,3,3,3,3,4,4,4,4,4,4,4,4,4,5,5,5,6,6,7,7,7,7,7,7,7,8,8,8,9,11,11,11,12,12,16,17,17,17,17,17,17,18,19,19,22,25,23,25,27,27,27,27,29,31,32,36,40,41,41,42,46,47,51,55,58,60,61,65,66,89,93,94,98,100,105,106,121,124,133,135,144,147,155,160,161,164,165,192,199,207,214,217,225,227,230,233,238,240,242,245,250,255,262,265,266,272,277,281,286,294,296,299,301,312,332,352,362,364,367,376,379,383,394,404,410,415,417,419,424,431,434,435,437,440,440,445,453,454,456,459,461,465,466,471,472,482,487,489,493,494,495,495,499,505,508,512,514,518,519,528,534,536,536,539,545,545,551,553,562,567,569,577,583,586,587,592,593,594,597,602,602,604,611,614,620,627,631,634,638,642,645,653,658,661,667,677,682,688,693,699,709,718,721,727,731,738,743,755,759,763,769,777,782,789,797,804,808,819,827,830,844,852,860,873,881,890,901,912,921,932,939,946,955,962,968,976,987,996,1010,1018,1031,1035,1046,1069,1080,1080,1089,1112,1121,1134,1144,1161,1168,1171,1180,1191,1224,1224,1236,1257,1257,1280,1280,1294,1294,1299,1321,1321,1333,1333,1344,1344,1359,1359,1374,1374,1392,1392,1400,1400,1413,1413,1426,1426,1433,1433,1447,1447,1455,1455,1470,1470,1477,1477,1489,1489,1502,1502,1516,1516,1528,1528,1538,1538,1556,1556,1568,1568,1576,1576,1584,1584,1589,1589,1599,1599,1605,1605,1611,1611,1622,1622,1631,1631,1640,1640,1643,1643,1653,1653,1662,1662,1672,1672,1677,1677,1681,1681,1684,1684,1687,1687,1693,1693,1698,1698,1704,1704,1705,1705,1712,1712,1715,1715,1719,1719,1724,1724,1729,1729,1731,1731,1737,1737,1747,1747,1751,1751,1757,1757,1768,1768,1771,1771,1777,1777,1782,1782,1787,1787,1796,1796,1805,1805,1822,1822,1846,1846,1866,1866,1897,1897,1934,1934,1983,1983,2027,2027,2102,2102,2196,2196,2303,2303,2392,2392,2556,2556,2691,2691,2825,2825,2970,2970,3117,3117,3271,3271,3423,3423,3531,3531,3716,3716,3889,3889,4051,4051,4194,4194,4328,4328,4457,4457,4580,4580,4723,4723,4805,4805,4860,4860,4935,4935,5001,5001,5044,5044,5071,5071,5113,5113,5158,5158,5194,5194,5220,5220,5246,5246,5278,5278,5305,5305,5324,5324,5338,5338,5350,5350,5358,5358,5363,5363,5366,5366,5373,5373,5381,5381
Kalteng,-1.681488,113.382355,2669969,0,0,0,0,0,0,0,0,0,0,0,0,0,0,0,0,0,0,0,0,1,1,1,1,1,2,2,2,2,2,3,4,4,4,4,4,4,5,6,6,6,6,6,7,7,7,7,7,7,7,7,7,7,7,7,11,11,11,11,11,11,11,15,15,15,17,17,17,17,17,19,19,19,20,24,24,26,26,26,28,28,29,29,29,30,33,37,37,37,44,44,46,46,49,50,50,50,52,53,53,53,55,55,55,59,59,61,61,62,62,65,65,65,65,70,70,70,70,70,70,79,79,79,81,81,81,85,87,88,88,88,88,91,91,91,91,91,91,95,96,96,96,96,97,97,99,100,100,100,100,102,102,102,103,104,104,104,105,105,106,106,107,108,108,108,108,109,110,110,111,113,113,114,115,115,116,117,117,118,121,121,123,127,128,130,130,130,130,130,130,130,131,131,133,133,133,133,134,134,137,138,139,139,141,141,141,142,144,144,145,145,145,145,145,145,145,147,148,148,151,151,151,151,151,151,151,153,154,156,157,160,161,161,162,164,164,165,167,168,168,168,169,170,175,176,177,180,183,183,183,185,189,191,193,193,197,198,200,200,204,204,209,211,215,215,220,228,232,234,238,238,241,241,243,248,251,252,254,257,259,261,265,266,268,268,269,269,270,274,275,276,276,276,278,279,283,285,286,288,289,290,293,294,296,298,301,301,305,307,309,311,311,311,311,313,313,316,318,320,321,323,326,327,328,330,330,331,333,333,335,335,338,338,338,345,346,346,346,350,350,353,353,356,356,358,364,364,365,365,368,368,374,374,374,374,374,374,374,374,374,374,374,374,375,375,382,382,386,386,386,386,386,386,390,390,392,392,395,395,398,398,400,400,403,403,408,408,409,409,424,424,430,430,433,433,436,436,437,437,440,440,442,442,448,448,451,451,454,454,454,454,454,454,456,456,469,469,470,470,477,477,484,484,488,488,491,491,491,491,494,494,498,498,501,501,504,504,505,505,514,514,517,517,518,518,520,520,523,523,524,524,525,525,525,525,528,528,528,528,529,529,540,540,544,544,545,545,547,547,549,549,551,551,555,555,558,558,562,562,571,571,572,572,584,584,593,593,612,612,649,649,653,653,703,703,815,815,873,873,897,897,917,917,930,930,1014,1014,1096,1096,1132,1132,1159,1159,1177,1177,1190,1190,1201,1201,1222,1222,1234,1234,1248,1248,1268,1268,1274,1274,1291,1291,1295,1295,1305,1305,1313,1313,1318,1318,1322,1322,1326,1326,1331,1331,1346,1346,1351,1351,1352,1352,1356,1356,1362,1362,1366,1366,1367,1367
Kalsel,-3.092642,115.283759,4073584,0,0,0,0,0,0,0,0,0,0,0,0,0,0,0,0,0,0,0,2,2,2,2,2,5,6,6,6,6,6,6,6,6,6,6,6,6,6,6,9,9,9,9,9,9,9,9,9,9,9,9,9,9,9,9,9,9,36,44,47,52,54,57,58,59,61,63,71,71,72,77,80,86,87,90,93,93,96,97,100,104,108,112,116,120,125,131,135,141,150,152,155,165,165,167,168,175,178,178,182,186,189,190,190,195,198,200,202,205,206,209,211,211,216,221,224,229,234,236,243,246,251,257,262,263,263,266,271,273,276,280,288,289,295,295,295,297,298,298,301,303,306,307,308,310,314,316,319,319,325,325,326,326,328,331,333,335,339,341,343,348,351,353,354,355,359,363,363,369,370,372,373,374,380,381,386,386,389,390,392,392,394,396,399,401,401,404,406,410,412,413,417,419,421,421,425,427,428,429,432,433,438,439,440,441,442,443,446,447,449,451,453,455,457,459,462,465,468,471,474,477,479,481,482,485,487,487,488,488,489,491,493,495,496,496,498,499,501,502,502,503,505,507,509,510,511,514,516,518,520,522,523,524,526,528,531,534,537,539,539,540,541,543,546,548,550,552,553,555,557,557,559,561,563,565,568,571,573,575,577,578,578,579,581,584,585,586,587,589,591,593,593,594,596,598,598,600,601,603,605,608,610,612,614,616,618,620,623,626,629,632,634,637,639,642,644,647,650,652,655,658,661,665,668,671,674,674,677,680,683,687,691,694,698,700,703,703,707,714,714,720,720,726,726,728,733,733,740,740,748,748,754,754,760,760,765,765,773,773,781,781,789,789,796,796,802,802,808,808,814,814,822,822,830,830,838,838,847,847,851,851,858,858,870,870,874,874,882,882,889,889,898,898,904,904,913,913,920,920,927,927,937,937,941,941,946,946,950,950,958,958,961,961,967,967,971,971,975,975,977,977,984,984,993,993,998,998,1001,1001,1004,1004,1008,1008,1013,1013,1015,1015,1020,1020,1026,1026,1033,1033,1037,1037,1041,1041,1041,1041,1047,1047,1049,1049,1050,1050,1052,1052,1053,1053,1057,1057,1061,1061,1065,1065,1066,1066,1071,1071,1074,1074,1080,1080,1088,1088,1097,1097,1109,1109,1118,1118,1129,1129,1141,1141,1153,1153,1168,1168,1188,1188,1217,1217,1257,1257,1303,1303,1376,1376,1431,1431,1491,1491,1560,1560,1603,1603,1653,1653,1689,1689,1774,1774,1839,1839,1907,1907,1953,1953,1994,1994,2057,2057,2105,2105,2131,2131,2153,2153,2183,2183,2213,2213,2239,2239,2249,2249,2277,2277,2290,2290,2301,2301,2304,2304,2309,2309,2315,2315,2318,2318,2319,2319,2324,2324,2347,2347,2359,2359
Kaltara,3.0731,116.0414,701814,0,0,0,0,0,0,0,0,0,0,0,0,0,0,0,0,0,0,0,0,0,1,1,1,1,1,1,1,1,1,1,1,1,1,1,1,1,1,1,1,1,1,1,1,1,1,1,1,1,1,1,1,1,1,1,1,1,1,1,1,1,1,1,1,1,1,1,2,2,2,2,2,2,2,2,2,2,2,2,2,2,2,2,2,2,2,2,2,2,2,2,2,2,2,2,2,2,2,2,2,2,2,2,2,2,2,2,2,2,2,2,2,2,2,2,2,2,2,2,2,2,2,2,2,2,2,2,2,2,2,2,2,2,2,2,2,2,2,2,2,2,2,2,2,2,2,2,2,2,2,2,2,2,2,2,2,2,2,2,2,2,2,2,2,2,2,2,2,2,2,2,2,2,2,2,3,3,3,3,3,3,3,3,3,3,3,3,3,4,4,4,4,4,4,4,4,4,5,5,5,5,5,5,5,5,5,5,5,5,5,5,6,6,6,7,7,7,7,7,7,7,7,7,7,7,7,8,9,9,9,10,10,10,10,10,10,11,11,11,11,11,11,12,12,12,13,15,16,16,16,17,18,18,18,18,18,18,18,18,18,18,18,18,23,23,23,23,31,31,33,33,33,33,33,34,35,38,39,42,45,45,51,51,55,56,57,58,58,60,61,61,63,63,63,64,66,67,69,70,70,72,74,75,76,76,77,79,82,84,86,86,88,90,94,95,100,103,104,105,110,111,112,112,114,116,121,121,124,127,128,128,131,133,133,134,136,136,136,142,142,145,145,146,146,148,149,149,150,150,152,152,155,155,155,155,157,157,158,158,161,161,163,163,164,164,164,164,166,166,168,168,170,170,171,171,174,174,175,175,176,176,178,178,179,179,179,179,180,180,180,180,181,181,182,182,186,186,186,186,186,186,186,186,186,186,186,186,186,186,188,188,188,188,188,188,188,188,188,188,188,188,188,188,188,188,188,188,189,189,190,190,190,190,191,191,191,191,191,191,191,191,191,191,192,192,192,192,192,192,192,192,193,193,194,194,194,194,195,195,196,196,196,196,196,196,200,200,203,203,206,206,206,206,208,208,212,212,221,221,230,230,234,234,243,243,259,259,270,270,287,287,299,299,326,326,337,337,358,358,380,380,417,417,440,440,471,471,505,505,528,528,563,563,586,586,601,601,615,615,634,634,652,652,661,661,671,671,687,687,700,700,705,705,715,715,722,722,735,735,739,739,749,749,749,749,750,750,751,751,764,764,764,764,767,767,769,769,773,773
Kep Riau,3.945651,108.142867,2064564,0,0,0,1,1,1,1,1,1,1,1,1,1,1,1,1,1,1,1,1,1,1,1,1,5,5,7,7,7,7,7,8,8,8,8,8,8,8,8,9,9,9,9,9,9,10,10,10,10,10,11,11,11,11,11,11,11,11,11,11,12,12,12,12,12,12,12,13,13,14,14,15,15,15,15,15,15,15,15,15,16,16,16,16,16,16,16,16,16,16,16,16,16,16,16,16,16,16,16,16,16,16,16,16,16,16,16,16,16,16,16,16,16,16,16,16,16,16,16,16,16,16,16,16,16,16,16,16,16,17,17,17,17,18,18,19,19,19,19,19,23,24,24,24,25,26,26,26,27,27,27,27,29,30,30,31,32,33,33,37,37,37,37,38,38,39,41,41,41,41,44,45,45,46,46,50,50,50,50,50,50,54,55,56,56,56,56,56,56,56,56,56,56,56,56,56,56,56,59,59,59,60,60,60,61,61,61,67,68,68,68,69,70,70,70,70,79,86,87,89,89,90,93,94,94,94,94,96,96,97,97,104,108,110,110,110,116,117,117,118,120,124,124,124,124,124,129,131,133,133,133,133,137,137,137,138,138,139,139,139,143,148,151,151,151,152,152,155,157,157,158,158,160,160,160,160,162,162,163,163,165,166,169,172,172,172,172,173,173,173,175,175,177,177,177,178,178,180,182,183,184,184,186,188,188,189,191,193,193,193,193,194,195,197,197,197,199,202,204,204,204,204,205,205,207,209,209,209,209,209,209,209,209,210,210,213,213,217,217,217,218,218,218,218,219,220,220,220,220,220,220,221,221,221,221,221,221,222,222,223,223,225,225,225,225,226,226,227,227,229,229,229,229,229,229,229,229,230,230,230,230,231,231,234,234,235,235,238,238,238,238,240,240,241,241,243,243,244,244,247,247,253,253,256,256,257,257,257,257,260,260,271,271,271,271,273,273,285,285,286,286,299,299,301,301,310,310,310,310,313,313,316,316,332,332,339,339,369,369,382,382,386,386,387,387,404,404,409,409,418,418,419,419,442,442,444,444,446,446,473,473,492,492,522,522,544,544,565,565,595,595,611,611,628,628,667,667,685,685,727,727,758,758,826,826,866,866,896,896,944,944,1003,1003,1050,1050,1125,1125,1184,1184,1230,1230,1274,1274,1274,1274,1354,1354,1392,1392,1444,1444,1465,1465,1482,1482,1528,1528,1558,1558,1572,1572,1589,1589,1603,1603,1620,1620,1637,1637,1652,1652,1668,1668,1678,1678,1685,1685,1689,1689,1693,1693,1703,1703,1711,1711,1719,1719,1724,1724,1724,1724,1729,1729,1731,1731,1733,1733,1737,1737
NTB,-8.652933,117.361648,5320092,0,0,0,0,0,0,0,0,0,0,0,0,0,0,0,0,0,0,0,0,0,2,2,2,2,2,2,2,2,3,4,4,4,4,4,4,4,4,4,4,4,4,4,4,4,4,5,5,5,6,6,6,6,7,7,7,7,7,7,7,7,7,7,8,8,8,8,9,10,10,10,10,10,12,13,17,20,21,21,22,25,28,31,31,33,33,35,35,41,43,43,44,44,45,45,47,49,49,50,53,59,60,63,63,63,64,64,64,65,71,72,74,74,77,81,82,85,85,86,89,94,96,98,98,98,103,103,104,107,108,108,108,110,110,115,117,118,121,122,122,123,123,125,128,129,129,129,131,131,132,134,135,136,138,141,143,148,150,152,155,156,156,157,159,162,162,162,165,167,168,169,171,171,171,172,172,173,173,174,174,177,179,182,182,185,187,187,190,192,192,194,195,195,196,198,200,202,203,203,203,203,203,205,206,206,206,206,208,208,208,209,209,211,213,214,215,216,217,219,219,219,219,219,220,221,221,222,222,224,225,227,227,229,229,229,229,229,229,229,229,229,229,230,230,234,234,234,235,235,237,237,238,239,240,242,243,244,245,247,247,248,250,251,252,252,252,253,255,255,256,256,257,257,258,258,260,262,263,264,265,266,270,270,270,271,273,277,279,279,281,283,284,284,284,284,284,287,289,289,289,294,294,300,301,303,303,306,307,308,308,308,308,308,312,315,316,320,321,321,325,325,327,329,329,331,333,334,334,335,335,336,336,336,336,336,336,336,336,337,337,338,338,338,338,341,342,342,343,343,345,345,346,346,346,346,347,347,347,347,348,348,348,348,350,350,351,351,351,351,351,351,354,354,360,360,360,360,360,360,363,363,364,364,365,365,365,365,366,366,366,366,371,371,371,371,371,371,372,372,372,372,373,373,383,383,383,383,386,386,404,404,405,405,405,405,409,409,409,409,409,409,409,409,411,411,417,417,417,417,417,417,423,423,425,425,442,442,453,453,461,461,469,469,476,476,479,479,480,480,480,480,481,481,481,481,482,482,482,482,483,483,495,495,495,495,495,495,495,495,495,495,497,497,498,498,498,498,501,501,514,514,524,524,533,533,540,540,549,549,549,549,551,551,560,560,566,566,571,571,577,577,582,582,591,591,598,598,604,604,619,619,632,632,642,642,655,655,667,667,682,682,699,699,704,704,709,709,724,724,732,732,738,738,746,746,753,753,759,759,765,765,776,776,779,779,783,783,785,785,790,790,793,793,793,793,797,797,799,799
Sumsel,-3.319437,103.914399,8467432,0,0,0,0,1,1,1,1,2,2,2,2,2,2,2,2,2,2,2,2,2,2,2,2,2,2,2,2,2,3,3,3,3,3,3,3,3,3,3,3,3,3,3,4,5,5,5,6,6,6,9,9,9,9,9,9,11,11,13,18,19,21,22,23,25,25,25,25,25,27,31,34,34,34,35,35,38,42,42,42,42,46,46,47,48,55,57,57,61,64,66,67,69,72,72,75,78,80,81,81,83,90,93,101,104,104,105,106,112,113,114,119,121,124,125,129,133,133,136,138,139,140,142,144,144,149,149,153,154,155,155,162,162,163,163,165,169,175,179,183,185,196,199,201,203,203,205,206,206,206,207,213,216,218,223,227,228,231,233,236,239,250,250,252,254,260,262,266,275,278,281,283,288,293,294,297,300,305,309,313,316,320,322,323,324,325,330,331,336,337,340,342,342,348,351,354,354,356,357,362,364,367,370,371,371,375,378,384,387,387,387,391,393,395,398,399,406,407,407,409,410,410,412,412,413,423,428,434,439,442,443,445,448,451,452,457,461,463,467,468,471,473,476,481,483,484,485,487,491,491,494,497,500,501,507,513,516,521,526,530,538,541,541,543,545,548,554,557,561,564,569,570,571,574,579,581,583,586,590,596,599,603,605,606,610,611,613,615,615,615,620,623,626,626,630,631,634,635,639,641,647,652,656,662,668,671,677,682,683,683,684,689,694,697,699,701,704,705,708,711,711,714,722,716,718,719,721,723,728,729,731,732,733,737,742,745,745,752,761,761,764,764,766,766,772,776,776,780,780,782,782,788,788,799,799,804,804,808,808,814,814,817,817,820,820,822,822,828,828,831,831,837,837,842,842,849,849,854,854,860,860,866,866,872,872,878,878,887,887,896,896,904,904,921,921,935,935,954,954,963,963,979,979,994,994,1003,1003,1020,1020,1040,1040,1052,1052,1069,1069,1083,1083,1092,1092,1104,1104,1119,1119,1138,1138,1157,1157,1174,1174,1191,1191,1204,1204,1218,1218,1232,1232,1247,1247,1261,1261,1278,1278,1289,1289,1305,1305,1323,1323,1344,1344,1357,1357,1365,1365,1375,1375,1384,1384,1398,1398,1417,1417,1432,1432,1448,1448,1476,1476,1496,1496,1520,1520,1563,1563,1580,1580,1608,1608,1628,1628,1654,1654,1707,1707,1743,1743,1775,1775,1834,1834,1876,1876,1925,1925,2006,2006,2099,2099,2160,2160,2245,2245,2356,2356,2422,2422,2480,2480,2523,2523,2578,2578,2632,2632,2675,2675,2715,2715,2758,2758,2800,2800,2840,2840,2869,2869,2887,2887,2919,2919,2934,2934,2948,2948,2965,2965,2973,2973,2984,2984,2997,2997,3003,3003,3013,3013,3019,3019,3024,3024,3030,3030,3035,3035,3039,3039,3046,3046
Sumbar,-0.73994,100.800005,5534472,0,0,0,0,0,0,0,0,0,0,0,0,0,0,0,0,0,0,0,0,3,3,3,3,5,4,4,6,7,7,7,7,8,9,10,11,11,14,14,15,15,15,15,15,15,16,16,16,17,17,17,17,18,19,21,21,22,22,22,22,23,23,23,24,24,24,24,25,25,25,25,25,25,25,25,25,27,27,27,27,29,29,29,29,29,30,30,30,30,30,30,30,30,30,30,30,30,31,31,31,31,31,31,31,31,31,31,31,31,31,32,32,32,32,32,32,32,32,32,32,33,33,33,33,33,33,33,33,33,33,33,33,34,34,34,34,34,34,34,34,34,34,34,34,36,37,38,38,40,41,43,45,45,45,48,49,49,50,51,53,55,55,56,56,56,56,56,59,59,60,61,61,63,63,63,67,70,74,79,84,86,88,90,93,94,96,98,100,104,105,108,110,116,127,130,135,142,143,146,149,158,162,166,171,174,174,177,178,182,185,187,189,202,205,210,213,220,220,226,229,238,242,251,256,260,265,270,274,279,283,289,297,303,305,309,309,311,311,311,315,318,323,330,332,335,344,351,352,352,360,363,366,371,372,374,383,391,400,409,417,423,425,434,437,438,443,444,445,449,453,454,455,457,462,467,472,482,487,487,488,490,494,494,501,502,504,505,506,508,512,520,522,528,532,537,540,540,548,553,556,561,566,569,569,572,578,585,588,588,588,588,588,591,593,597,598,600,602,612,615,617,618,619,620,620,620,622,627,630,630,630,634,636,637,637,641,641,641,642,642,643,643,643,643,644,650,650,652,652,654,654,655,655,659,659,663,663,668,668,671,671,672,672,675,675,677,677,679,679,679,679,683,683,684,684,687,687,690,690,694,694,700,700,710,710,716,716,722,722,730,730,741,741,747,747,761,761,765,765,773,773,783,783,793,793,803,803,814,814,824,824,841,841,855,855,869,869,878,878,878,878,894,894,906,906,923,923,940,940,949,949,956,956,977,977,994,994,1004,1004,1013,1013,1025,1025,1048,1048,1061,1061,1074,1074,1089,1089,1102,1102,1115,1115,1125,1125,1136,1136,1147,1147,1155,1155,1173,1173,1188,1188,1201,1201,1216,1216,1236,1236,1249,1249,1264,1264,1292,1292,1306,1306,1321,1321,1347,1347,1353,1353,1365,1365,1390,1390,1409,1409,1446,1446,1475,1475,1515,1515,1543,1543,1592,1592,1634,1634,1672,1672,1719,1719,1753,1753,1795,1795,1829,1829,1855,1855,1883,1883,1906,1906,1931,1931,1948,1948,1972,1972,1985,1985,2007,2007,2019,2019,2030,2030,2040,2040,2052,2052,2059,2059,2071,2071,2078,2078,2085,2085,2088,2088,2095,2095,2104,2104,2115,2115,2118,2118,2121,2121
Sulut,0.624693,123.975002,2621923,0,0,0,0,0,0,0,0,0,0,0,0,0,0,0,0,0,0,1,1,2,2,2,2,2,2,2,2,2,2,2,3,3,3,3,3,3,3,3,3,4,4,4,4,4,4,4,4,4,4,4,4,5,5,5,5,6,7,7,7,8,11,12,14,15,18,22,29,34,35,35,37,37,37,40,40,40,43,45,47,47,50,52,52,56,56,56,59,59,61,63,66,67,69,69,69,70,73,74,76,80,81,82,82,83,83,87,90,92,94,95,97,100,103,106,106,106,107,109,109,111,111,111,112,119,119,120,122,123,126,126,129,132,132,133,134,134,134,135,138,138,140,140,143,143,143,143,144,146,147,148,148,149,149,149,149,154,154,155,155,155,155,156,156,156,157,158,158,158,159,160,160,160,160,160,160,161,162,162,164,165,165,167,168,170,171,171,172,172,173,173,173,175,176,176,177,177,177,178,178,179,179,180,180,180,181,181,182,183,185,185,186,188,190,192,194,194,195,195,195,197,199,200,200,204,204,205,206,208,208,210,212,213,214,216,216,216,222,225,225,227,227,228,231,231,231,233,234,237,237,239,239,239,242,245,245,245,247,252,253,253,255,257,259,260,265,266,269,270,271,272,273,277,279,284,289,289,291,293,294,295,298,301,305,309,310,310,322,322,322,323,323,327,331,332,334,341,343,344,347,347,350,353,353,354,356,358,369,370,372,377,385,388,416,420,423,429,431,440,442,448,450,451,459,475,477,482,484,485,486,488,488,488,488,488,488,488,488,490,490,491,491,492,492,492,495,495,495,495,498,498,498,498,498,498,498,498,498,498,498,498,499,499,499,499,499,499,499,499,499,499,499,499,499,499,499,499,501,501,501,501,501,501,502,502,502,502,502,502,502,502,502,502,502,502,502,502,503,503,503,503,504,504,504,504,504,504,508,508,508,508,508,508,510,510,510,510,522,522,533,533,537,537,537,537,539,539,540,540,540,540,547,547,547,547,547,547,547,547,547,547,547,547,548,548,548,548,548,548,548,548,548,548,549,549,550,550,551,551,551,551,553,553,554,554,557,557,557,557,558,558,560,560,563,563,575,575,581,581,585,585,596,596,607,607,614,614,620,620,628,628,645,645,666,666,684,684,724,724,745,745,755,755,769,769,794,794,808,808,828,828,851,851,865,865,883,883,890,890,901,901,906,906,925,925,941,941,951,951,965,965,971,971,979,979,984,984,998,998,1001,1001,1002,1002,1008,1008,1017,1017,1019,1019,1022,1022,1022,1022,1023,1023,1025,1025,1028,1028
Sumut,2.115355,99.545097,14799361,1,1,1,1,1,1,1,1,1,1,1,3,3,3,3,4,4,4,4,4,4,8,8,9,9,9,9,9,9,9,9,9,10,11,11,12,12,12,12,12,13,13,13,13,13,13,16,16,16,21,21,24,24,24,24,24,24,26,27,28,30,31,32,32,33,33,33,34,36,36,41,41,41,41,42,43,46,46,46,48,52,53,56,57,59,59,64,66,67,67,66,68,70,73,76,79,82,86,91,91,91,92,97,99,100,103,103,107,108,109,114,115,119,123,125,130,130,135,142,145,146,149,153,160,169,172,175,179,181,182,185,188,194,194,201,203,209,211,212,221,222,224,225,229,231,236,240,243,245,248,256,259,268,270,276,279,285,287,289,295,302,308,311,314,318,320,323,327,333,335,339,342,343,346,349,355,355,361,367,371,379,389,394,399,401,402,407,410,415,417,420,423,425,429,434,436,438,442,445,447,452,459,461,462,468,473,480,485,489,492,497,499,503,507,509,512,514,514,516,523,524,526,529,530,534,536,542,546,552,556,560,562,564,566,569,570,572,577,578,578,582,583,585,587,588,591,594,595,597,600,600,604,609,612,615,617,619,623,625,626,629,632,633,634,637,639,640,640,644,645,645,646,647,649,653,655,660,664,669,670,670,672,674,675,679,679,681,683,683,684,686,689,691,695,696,697,700,701,705,707,707,708,711,715,716,718,719,723,724,726,730,732,735,738,740,742,743,745,748,753,756,760,762,762,765,767,771,773,777,777,781,786,789,794,798,805,805,808,819,819,824,824,832,832,837,841,841,847,847,854,854,859,859,865,865,871,871,876,876,883,883,889,889,894,894,899,899,900,900,901,901,906,906,909,909,914,914,918,918,919,919,925,925,928,928,932,932,937,937,941,941,945,945,949,949,952,952,958,958,962,962,965,965,968,968,973,973,976,976,978,978,983,983,988,988,994,994,998,998,1003,1003,1009,1009,1012,1012,1017,1017,1026,1026,1032,1032,1037,1037,1045,1045,1052,1052,1053,1053,1058,1058,1068,1068,1071,1071,1080,1080,1089,1089,1111,1111,1122,1122,1138,1138,1145,1145,1158,1158,1171,1171,1175,1175,1183,1183,1190,1190,1197,1197,1204,1204,1217,1217,1223,1223,1234,1234,1247,1247,1269,1269,1293,1293,1319,1319,1346,1346,1353,1353,1358,1358,1387,1387,1427,1427,1454,1454,1496,1496,1531,1531,1581,1581,1628,1628,1691,1691,1774,1774,1847,1847,1904,1904,1948,1948,2030,2030,2090,2090,2131,2131,2194,2194,2266,2266,2331,2331,2374,2374,2411,2411,2438,2438,2479,2479,2556,2556,2565,2565,2592,2592,2636,2636,2711,2711,2743,2743,2772,2772,2785,2785,2804,2804,2814,2814,2829,2829,2837,2837
Sultra,-4.14491,122.174605,2624875,0,0,0,0,0,0,0,0,0,0,0,0,0,0,0,0,0,0,0,0,0,1,1,1,1,1,1,1,2,2,2,2,2,2,2,2,2,2,2,2,2,2,2,2,2,2,2,2,2,2,2,2,2,3,3,5,5,5,5,5,5,5,4,4,4,4,4,4,4,4,4,4,4,4,4,4,5,5,5,5,5,5,5,5,5,5,5,5,5,5,5,5,5,5,5,5,5,5,6,6,6,6,6,7,7,7,8,8,8,8,9,9,9,9,9,10,11,11,11,11,11,11,11,11,12,13,13,13,13,13,13,13,13,13,13,14,14,16,16,16,17,17,17,17,18,18,18,18,18,18,18,18,18,19,20,22,24,24,24,25,26,26,28,30,31,32,35,35,36,37,37,38,39,41,41,42,42,42,42,44,46,46,46,47,48,50,51,52,53,53,55,58,60,60,61,61,61,62,63,63,64,64,65,65,66,66,66,67,69,71,71,73,73,73,73,75,76,77,79,79,80,80,80,81,82,82,83,83,85,85,87,87,88,88,88,88,88,88,90,90,91,91,91,91,93,94,95,96,96,97,97,102,103,106,107,107,108,110,113,113,116,116,116,116,116,116,117,117,117,120,120,121,122,123,124,124,127,130,130,131,131,131,134,145,147,149,149,151,153,154,156,158,159,160,162,162,163,164,165,167,167,170,170,170,170,170,171,172,172,174,174,174,175,176,177,177,177,178,181,181,181,181,181,181,181,185,186,187,188,188,190,190,190,190,191,191,191,191,192,192,193,193,193,193,194,197,197,198,198,200,200,201,201,201,201,201,201,202,202,203,203,203,203,203,203,204,204,204,204,204,204,205,205,205,205,205,205,205,205,205,205,206,206,206,206,206,206,206,206,206,206,206,206,206,206,209,209,209,209,209,209,209,209,209,209,210,210,212,212,212,212,214,214,214,214,214,214,215,215,215,215,215,215,217,217,217,217,217,217,217,217,217,217,217,217,217,217,217,217,217,217,217,217,217,217,217,217,217,217,219,219,219,219,221,221,223,223,223,223,225,225,229,229,230,230,235,235,237,237,241,241,247,247,251,251,257,257,266,266,270,270,276,276,284,284,288,288,298,298,311,311,324,324,337,337,349,349,364,364,379,379,391,391,404,404,414,414,427,427,432,432,442,442,447,447,459,459,465,465,470,470,476,476,480,480,481,481,484,484,485,485,497,497,504,504,511,511,512,512,514,514,514,514,514,514,517,517,518,518,521,521,521,521,521,521,522,522,523,523
Sulsel,-3.668799,119.974053,9073509,0,0,1,1,1,1,1,1,1,1,1,5,5,5,5,5,6,6,6,8,11,15,15,15,15,15,23,23,25,25,25,30,30,34,35,36,36,37,37,37,37,37,40,40,40,42,45,45,46,46,47,49,49,49,51,51,52,53,55,55,56,59,61,61,63,66,68,68,68,71,72,74,75,75,75,79,93,94,94,94,97,98,98,110,110,116,123,123,123,123,123,138,138,145,146,152,155,157,159,163,164,168,168,168,175,175,199,200,202,205,209,209,217,223,226,239,251,266,268,270,279,281,284,287,287,290,293,302,307,311,314,316,316,321,321,321,328,329,330,334,334,335,335,337,338,339,343,343,343,346,346,347,347,347,348,349,350,350,350,356,358,360,360,360,360,364,367,368,370,371,372,373,374,374,375,376,380,383,383,386,386,387,389,397,400,401,402,405,406,410,413,413,416,420,420,420,424,427,427,427,427,429,431,433,434,436,440,442,442,442,444,445,445,445,445,445,447,447,451,451,451,453,463,464,467,467,468,468,470,470,470,470,470,471,472,472,472,472,474,474,474,475,475,477,477,482,486,488,488,490,490,491,491,492,494,497,499,500,502,504,504,508,511,511,512,521,527,531,534,535,537,541,543,547,552,559,564,565,569,571,575,578,582,585,593,594,599,601,607,609,615,619,627,634,641,648,650,652,659,666,674,686,688,693,694,698,700,704,705,711,712,721,725,730,734,739,740,744,744,749,752,755,758,768,774,775,775,776,781,792,805,805,809,815,815,825,825,825,827,827,833,833,840,840,840,853,853,862,862,873,873,877,877,880,880,887,887,890,890,894,894,901,901,904,904,905,905,907,907,909,909,910,910,910,910,910,910,910,910,913,913,913,913,915,915,916,916,916,916,916,916,918,918,919,919,922,922,930,930,931,931,931,931,932,932,935,935,935,935,935,935,935,935,935,935,935,935,935,935,935,935,936,936,936,936,937,937,941,941,942,942,944,944,945,945,946,946,946,946,948,948,948,948,949,949,953,953,955,955,959,959,961,961,961,961,961,961,964,964,965,965,969,969,976,976,986,986,991,991,994,994,996,996,1014,1014,1029,1029,1039,1039,1049,1049,1066,1066,1094,1094,1130,1130,1158,1158,1184,1184,1209,1209,1261,1261,1317,1317,1366,1366,1400,1400,1460,1460,1506,1506,1564,1564,1618,1618,1674,1674,1716,1716,1765,1765,1807,1807,1849,1849,1888,1888,1931,1931,1954,1954,1988,1988,2018,2018,2056,2056,2069,2069,2103,2103,2115,2115,2129,2129,2141,2141,2149,2149,2166,2166,2178,2178,2182,2182,2184,2184,2192,2192,2198,2198,2203,2203,2206,2206
Sulteng,-1.430025,121.445618,2985734,0,0,0,0,0,0,0,0,0,0,0,0,0,0,0,0,0,2,2,2,2,2,2,2,3,3,3,3,3,3,3,3,3,3,3,3,3,3,3,3,3,3,3,3,3,3,3,3,3,3,3,3,3,3,4,4,4,4,4,4,4,4,4,4,4,4,4,4,4,4,4,4,4,4,4,4,4,4,4,4,4,4,4,4,4,4,4,4,4,4,4,4,4,4,4,5,5,5,5,5,5,5,5,5,5,6,6,6,6,6,6,6,6,6,6,6,6,6,6,6,6,6,6,6,6,6,6,7,7,7,7,7,7,7,7,7,7,7,7,7,7,7,7,7,7,7,7,7,7,7,7,7,7,7,7,8,8,8,8,8,8,8,8,8,8,9,11,11,11,11,11,11,11,11,11,11,11,11,11,11,11,11,12,12,12,13,14,15,15,15,15,15,15,15,16,17,17,17,18,19,20,21,21,21,21,24,25,25,25,25,25,26,27,28,30,30,31,33,33,33,33,34,34,34,34,34,36,38,38,39,41,41,41,42,43,44,44,47,48,48,50,51,52,54,54,58,59,62,62,66,68,70,71,72,72,72,73,77,77,77,78,78,79,80,82,85,86,86,86,88,89,91,93,93,95,96,97,98,101,102,103,104,106,106,106,106,108,109,112,115,118,118,119,120,124,124,130,139,139,143,144,144,148,151,152,154,156,164,166,168,168,171,173,176,177,183,184,194,199,201,206,207,209,210,211,211,215,221,222,227,230,232,232,235,237,242,242,245,248,248,250,250,257,257,259,260,260,262,262,263,263,264,264,266,266,267,267,267,267,271,271,273,273,276,276,281,281,291,291,294,294,294,294,294,294,297,297,299,299,300,300,303,303,306,306,308,308,309,309,310,310,315,315,317,317,321,321,323,323,324,324,325,325,328,328,334,334,337,337,341,341,341,341,342,342,346,346,347,347,348,348,351,351,353,353,356,356,357,357,358,358,360,360,365,365,365,365,369,369,371,371,373,373,376,376,378,378,380,380,381,381,382,382,383,383,384,384,387,387,389,389,394,394,398,398,403,403,407,407,409,409,412,412,417,417,425,425,438,438,448,448,459,459,473,473,487,487,505,505,520,520,541,541,579,579,620,620,668,668,701,701,748,748,808,808,865,865,927,927,983,983,1048,1048,1103,1103,1153,1153,1199,1199,1235,1235,1270,1270,1304,1304,1336,1336,1357,1357,1388,1388,1419,1419,1437,1437,1453,1453,1473,1473,1485,1485,1500,1500,1510,1510,1525,1525,1530,1530,1542,1542,1548,1548,1552,1552,1556,1556,1561,1561
Lampung,-4.558585,105.406808,9007848,0,0,0,0,0,0,0,0,0,0,0,0,1,1,1,1,1,1,1,1,1,1,1,4,5,5,5,5,5,5,5,5,5,5,5,5,5,5,5,5,5,5,5,5,5,5,5,5,5,5,5,5,5,5,5,5,5,5,6,6,6,6,7,7,7,7,8,10,10,10,10,10,10,10,11,11,11,11,11,11,11,11,11,11,11,12,12,12,12,12,12,12,12,12,12,12,12,12,12,12,12,12,12,12,12,12,12,12,12,12,12,12,12,12,12,12,12,12,12,12,12,12,12,12,12,12,12,12,12,12,12,12,12,12,13,13,13,13,13,13,13,13,13,13,13,13,13,13,14,14,14,14,14,14,14,14,14,14,14,14,14,14,14,14,16,16,17,17,18,19,21,21,22,22,22,22,22,23,23,25,26,27,28,29,29,30,30,30,30,30,30,30,30,33,33,36,36,36,36,36,38,38,39,41,41,41,41,46,47,47,48,50,52,53,54,56,58,61,61,64,68,70,73,74,76,78,78,81,85,87,90,91,97,103,103,103,103,105,105,109,110,110,110,115,115,115,115,122,126,130,135,142,145,148,151,158,160,167,170,176,177,178,183,186,191,195,201,205,217,221,229,232,233,238,240,240,241,242,243,247,250,254,259,263,269,274,277,277,280,287,292,309,326,341,347,350,355,368,385,398,403,411,420,427,433,435,440,444,463,477,480,489,492,495,499,506,511,521,529,536,542,553,556,558,567,571,579,585,594,599,600,601,602,602,603,613,613,618,627,627,632,632,637,637,644,658,658,666,666,670,670,672,672,675,675,688,688,692,692,702,702,712,712,720,720,733,733,738,738,740,740,749,749,755,755,759,759,768,768,772,772,773,773,775,775,777,777,777,777,782,782,782,782,792,792,797,797,800,800,801,801,811,811,815,815,816,816,817,817,821,821,828,828,836,836,855,855,865,865,866,866,873,873,880,880,903,903,909,909,913,913,920,920,925,925,928,928,934,934,945,945,948,948,962,962,969,969,974,974,982,982,997,997,1022,1022,1064,1064,1086,1086,1093,1093,1095,1095,1108,1108,1120,1120,1126,1126,1129,1129,1139,1139,1142,1142,1168,1168,1179,1179,1219,1219,1239,1239,1253,1253,1266,1266,1309,1309,1325,1325,1347,1347,1784,1784,1966,1966,2081,2081,2209,2209,2366,2366,2507,2507,2675,2675,2742,2742,2885,2885,2965,2965,3029,3029,3158,3158,3208,3208,3317,3317,3369,3369,3406,3406,3438,3438,3500,3500,3537,3537,3568,3568,3608,3608,3613,3613,3648,3648,3660,3660,3677,3677,3687,3687,3700,3700,3713,3713,3735,3735,3739,3739,3746,3746,3758,3758,3764,3764
Riau,0.293347,101.706829,6394087,0,0,0,0,0,0,0,0,0,0,0,0,0,0,0,0,0,0,0,0,0,0,0,0,0,0,3,4,4,4,4,4,4,4,4,4,4,4,4,4,4,4,5,5,6,6,6,6,6,6,6,6,6,6,6,6,6,6,6,6,6,6,6,6,6,6,6,6,6,6,6,6,6,6,6,6,6,6,6,6,6,6,6,6,6,6,6,6,6,8,8,8,8,8,9,9,10,10,10,10,10,10,10,10,10,10,10,11,11,11,11,11,11,11,11,11,11,11,11,11,11,11,11,11,11,11,11,11,11,12,12,12,12,12,12,13,13,13,13,13,13,14,14,14,14,14,14,14,15,16,16,16,17,17,18,19,21,22,22,25,30,30,30,34,35,36,37,42,42,47,49,52,55,58,58,62,70,74,79,83,92,95,96,100,106,106,117,126,131,137,143,147,151,159,166,172,177,183,191,197,199,202,208,218,223,225,229,241,249,251,259,263,267,270,279,285,291,300,303,307,313,319,325,331,336,338,340,342,346,348,355,360,364,366,366,375,378,381,382,385,393,395,397,399,404,409,414,416,419,424,428,436,445,451,457,459,464,468,470,474,477,482,489,495,500,503,507,510,513,516,520,525,534,538,540,544,545,548,552,559,567,569,573,576,580,583,586,592,597,599,601,602,603,608,615,618,620,622,627,628,630,635,636,642,646,651,656,657,664,669,671,680,682,683,685,687,688,691,692,693,698,701,704,707,708,711,714,717,720,722,723,725,729,732,734,743,743,744,749,749,753,753,761,761,763,766,766,773,773,778,778,783,783,788,788,793,793,800,800,804,804,806,806,816,816,820,820,828,828,835,835,839,839,846,846,857,857,865,865,879,879,888,888,898,898,904,904,917,917,938,938,950,950,967,967,985,985,1008,1008,1025,1025,1050,1050,1071,1071,1100,1100,1134,1134,1156,1156,1193,1193,1226,1226,1264,1264,1290,1290,1318,1318,1345,1345,1380,1380,1408,1408,1426,1426,1469,1469,1510,1510,1548,1548,1587,1587,1616,1616,1646,1646,1673,1673,1708,1708,1733,1733,1752,1752,1774,1774,1793,1793,1816,1816,1837,1837,1851,1851,1872,1872,1893,1893,1909,1909,1931,1931,1952,1952,1966,1966,1980,1980,2004,2004,2040,2040,2072,2072,2099,2099,2141,2141,2190,2190,2241,2241,2292,2292,2347,2347,2416,2416,2474,2474,2542,2542,2625,2625,2711,2711,2792,2792,2898,2898,2978,2978,3090,3090,3154,3154,3237,3237,3312,3312,3370,3370,3443,3443,3502,3502,3558,3558,3608,3608,3665,3665,3713,3713,3754,3754,3810,3810,3860,3860,3891,3891,3925,3925,3944,3944,3968,3968,3982,3982,3997,3997,4013,4013,4027,4027,4038,4038,4049,4049,4058,4058,4064,4064
Malut,1.570999,127.808769,1282937,0,0,0,0,0,0,0,0,0,0,0,0,0,0,0,0,0,0,0,0,0,0,0,0,0,0,0,0,0,0,0,0,0,0,0,0,0,0,0,0,0,0,0,0,0,0,0,0,0,0,0,0,0,3,3,3,4,4,4,4,4,4,4,4,5,5,5,6,6,7,7,11,14,15,16,18,19,19,19,19,19,19,20,22,22,22,22,22,22,22,22,23,23,25,26,26,29,31,31,31,31,31,31,31,32,32,32,32,32,32,34,34,34,38,39,39,39,39,39,39,39,39,39,41,41,42,44,45,46,46,46,48,48,48,49,49,49,49,49,49,50,52,56,56,59,59,59,59,59,59,59,59,59,61,61,61,61,61,61,63,65,65,66,66,66,66,66,66,66,66,67,68,70,71,71,71,71,71,72,72,72,72,72,72,73,74,74,74,74,74,74,74,74,74,74,74,74,74,74,74,74,74,74,74,74,74,74,74,74,74,74,74,74,74,74,74,74,74,74,74,74,75,75,75,75,75,75,75,75,75,75,75,75,75,75,75,75,76,76,76,76,76,77,79,79,79,79,80,81,81,81,81,81,81,81,81,82,83,83,83,83,83,84,84,84,84,84,84,84,84,84,84,84,86,86,86,87,87,87,87,87,87,87,89,89,89,90,90,90,91,91,91,91,92,92,92,92,94,94,94,94,94,94,94,95,95,95,97,97,99,100,100,100,100,100,100,100,101,103,104,105,106,106,106,107,108,109,110,110,110,110,110,110,110,111,111,111,111,112,112,112,112,113,113,113,113,113,113,113,113,113,114,114,114,114,115,115,115,115,118,118,118,118,119,119,119,119,119,119,120,120,120,120,120,120,120,120,120,120,120,120,120,120,120,120,120,120,120,120,120,120,120,120,120,120,120,120,120,120,120,120,120,120,120,120,120,120,120,120,120,120,120,120,120,120,120,120,120,120,120,120,120,120,120,120,120,120,120,120,120,120,120,120,121,121,121,121,121,121,121,121,121,121,121,121,121,121,121,121,121,121,121,121,123,123,123,123,123,123,125,125,126,126,128,128,128,128,130,130,134,134,138,138,141,141,148,148,159,159,165,165,170,170,179,179,185,185,190,190,197,197,215,215,221,221,234,234,240,240,243,243,246,246,251,251,253,253,258,258,263,263,265,265,272,272,279,279,283,283,291,291,292,292,296,296,296,296,298,298,299,299,299,299,300,300,301,301,301,301,301,301,302,302,302,302,302,302,302,302,302,302,302,302,302,302,302,302,302,302
Maluku,-3.238462,130.145273,1848923,0,0,0,0,0,0,0,0,0,0,0,0,0,0,0,0,0,0,0,0,0,0,0,0,0,0,0,0,0,0,0,0,0,0,0,0,0,0,0,0,0,0,0,0,0,0,0,0,2,2,2,2,4,4,4,4,4,6,6,6,7,7,7,7,7,7,7,7,8,8,8,8,8,8,8,8,8,8,8,8,8,8,9,10,10,10,11,13,13,13,13,13,13,13,13,14,14,15,15,15,15,16,16,17,17,17,17,17,17,17,17,17,17,17,17,17,17,17,17,18,20,20,20,20,20,20,20,21,21,22,22,23,23,23,23,23,23,23,25,25,25,25,25,25,25,25,25,28,28,29,30,30,31,31,31,31,31,32,33,33,33,33,33,33,33,34,34,34,35,36,36,36,36,36,36,38,38,38,38,38,38,38,38,38,39,40,40,40,40,41,41,41,41,41,41,41,41,41,41,41,41,41,41,42,42,42,42,42,42,42,42,42,43,43,44,44,44,45,45,45,47,47,47,47,47,47,47,47,47,47,48,49,49,50,50,50,50,53,53,53,53,53,53,57,57,60,60,60,60,60,60,60,61,61,61,61,61,61,61,61,61,61,61,68,68,68,69,69,69,70,70,70,70,70,70,70,70,70,71,71,71,71,77,79,79,79,79,81,81,85,86,86,86,86,88,89,90,90,90,90,90,90,90,91,91,92,93,93,93,93,94,95,95,95,96,96,96,96,96,97,97,97,97,98,99,99,101,101,101,103,103,103,103,103,103,105,105,105,105,105,105,105,105,105,105,105,105,105,105,105,105,106,106,106,106,106,106,107,107,109,109,110,110,110,110,110,110,110,110,110,110,110,110,110,110,110,110,110,110,112,112,112,112,112,112,112,112,115,115,115,115,115,115,115,115,116,116,116,116,116,116,116,116,117,117,117,117,117,117,117,117,117,117,117,117,118,118,119,119,120,120,120,120,120,120,120,120,120,120,121,121,122,122,122,122,122,122,122,122,123,123,125,125,125,125,126,126,126,126,127,127,130,130,131,131,133,133,133,133,133,133,138,138,140,140,141,141,144,144,146,146,151,151,161,161,170,170,175,175,182,182,183,183,187,187,198,198,208,208,215,215,215,215,222,222,225,225,226,226,233,233,233,233,234,234,234,234,234,234,237,237,238,238,240,240,242,242,245,245,245,245,249,249,250,250,250,250,250,250,253,253,253,253,253,253,255,255,256,256,257,257,257,257,257,257,257,257,257,257,257,257,257,257,257,257,257,257,258,258
Papbar,-1.336115,133.174716,1134068,0,0,0,0,0,0,0,0,0,0,1,1,1,1,1,1,1,1,1,1,1,1,1,1,1,1,1,1,1,1,1,1,1,1,1,1,1,1,1,1,1,1,1,1,1,1,1,1,1,1,1,1,1,1,1,1,1,1,1,1,1,1,1,2,2,2,2,2,2,2,2,2,2,2,2,2,2,2,2,2,2,2,2,2,3,3,3,3,3,3,3,3,3,3,3,3,3,3,3,3,4,4,4,4,4,4,4,4,4,4,4,4,4,4,4,4,4,4,4,5,5,5,5,5,5,5,5,5,5,5,5,6,6,6,6,6,6,6,6,6,6,6,6,6,7,7,7,7,7,7,7,7,7,7,7,8,9,9,11,12,12,13,13,13,15,15,15,15,15,17,17,17,17,17,19,20,20,24,24,24,25,26,26,26,26,26,26,26,29,29,29,31,34,35,35,35,36,36,36,36,39,39,39,40,40,41,42,42,45,45,46,47,49,51,57,57,59,61,61,63,63,65,65,65,65,66,66,66,68,69,69,69,69,71,71,71,71,71,71,71,72,72,72,76,76,79,80,81,82,82,82,82,84,86,87,88,88,88,88,88,88,89,92,93,94,94,94,94,95,98,98,98,98,98,98,98,98,99,99,99,99,99,99,99,99,99,100,101,101,101,101,101,101,102,103,103,103,104,105,105,105,105,105,106,106,106,107,107,107,107,107,107,108,108,109,109,111,111,111,111,111,111,111,111,111,111,111,112,112,112,119,119,119,119,120,122,122,122,124,124,125,125,125,125,126,126,126,126,126,126,126,127,127,127,127,127,127,127,127,128,128,130,130,131,131,131,131,132,132,132,132,132,132,132,132,134,134,134,134,135,135,140,140,141,141,141,141,142,142,142,142,142,142,144,144,144,144,144,144,146,146,147,147,150,150,152,152,154,154,154,154,154,154,154,154,154,154,154,154,154,154,156,156,160,160,162,162,164,164,166,166,169,169,172,172,172,172,174,174,174,174,174,174,174,174,174,174,175,175,175,175,175,175,177,177,178,178,178,178,178,178,182,182,185,185,186,186,190,190,190,190,191,191,195,195,201,201,208,208,219,219,229,229,235,235,240,240,245,245,250,250,270,270,273,273,284,284,287,287,292,292,293,293,298,298,300,300,307,307,311,311,318,318,323,323,328,328,332,332,335,335,338,338,341,341,343,343,345,345,346,346,346,346,346,346,346,346,346,346,347,347,347,347,348,348,350,350,350,350,350,350,351,351,352,352,352,352,352,352
Papua,-4.269928,138.080353,4303707,0,0,0,0,0,0,0,0,0,0,0,0,0,0,1,1,2,2,2,2,2,2,3,3,3,3,6,6,6,6,6,6,6,6,6,6,6,6,6,6,6,6,6,6,6,6,6,6,6,6,6,6,6,6,6,6,6,6,6,6,6,6,6,6,6,6,6,6,6,6,6,6,6,7,7,7,7,7,7,7,7,7,7,7,7,7,7,7,7,7,7,7,7,7,7,7,7,7,7,7,7,15,15,16,16,16,16,18,19,20,20,20,20,22,22,22,25,26,26,26,27,27,30,30,30,30,32,32,32,32,32,32,32,32,33,33,33,33,34,34,35,35,35,35,35,35,35,35,36,36,36,38,42,42,42,42,42,42,42,42,42,42,43,43,44,44,45,46,48,48,50,50,50,52,54,54,57,57,59,61,64,69,72,72,72,74,78,80,80,80,80,80,80,86,91,94,99,103,103,106,106,107,107,110,110,110,111,112,113,113,117,117,117,119,119,119,119,119,119,124,124,129,129,129,129,129,129,129,129,133,133,133,135,135,135,135,136,136,137,137,137,137,137,137,137,137,137,137,137,137,137,137,137,137,137,140,140,141,141,141,141,141,141,141,142,142,142,142,142,142,142,146,146,146,146,146,146,146,146,146,146,146,146,146,146,147,148,148,149,150,150,150,151,153,154,155,155,155,157,158,158,158,158,159,159,159,159,159,162,162,162,162,163,165,167,168,168,168,168,168,168,168,168,168,168,168,170,170,171,171,171,171,171,171,171,172,172,175,175,175,175,175,175,175,175,178,178,178,178,179,179,181,181,183,183,197,197,197,197,197,197,197,197,198,198,200,200,200,200,200,200,200,200,202,202,203,203,203,203,204,204,204,204,206,206,207,207,207,207,207,207,207,207,207,207,207,207,207,207,207,207,207,207,207,207,207,207,207,207,207,207,207,207,207,207,207,207,207,207,207,207,207,207,207,207,207,207,207,207,207,207,207,207,207,207,207,207,207,207,207,207,207,207,207,207,210,210,212,212,212,212,213,213,213,213,213,213,213,213,213,213,213,213,213,213,213,213,213,213,213,213,213,213,213,213,213,213,213,213,213,213,213,213,216,216,216,216,217,217,222,222,224,224,226,226,263,263,271,271,275,275,277,277,291,291,303,303,321,321,329,329,331,331,349,349,351,351,351,351,351,351,352,352,354,354,356,356,356,356,357,357,360,360,360,360,366,366,377,377,378,378,405,405,419,419,421,421,421,421,426,426,446,446,466,466,481,481,496,496
Sulbar,-2.844137,119.232078,1419229,0,0,0,0,0,0,0,0,0,0,0,0,0,0,0,0,0,0,0,0,0,1,1,1,1,1,1,1,1,1,1,1,1,1,1,1,1,1,1,1,1,1,1,1,1,2,2,2,2,2,2,2,2,2,2,2,2,2,2,2,2,2,2,2,2,2,2,2,2,2,2,2,2,2,2,2,2,2,2,2,2,2,2,2,2,2,2,2,2,2,2,2,2,2,2,2,2,2,2,2,2,2,2,2,2,2,2,2,2,2,2,2,2,3,3,3,3,3,3,3,3,3,3,3,3,3,3,3,3,3,3,4,4,4,4,4,5,5,5,5,5,5,5,5,6,7,7,7,7,7,7,7,7,7,7,7,7,7,7,7,7,7,7,7,7,7,7,7,7,7,7,7,7,7,7,7,7,7,7,7,7,7,7,7,7,7,7,9,11,11,11,11,11,11,11,11,11,11,11,11,11,11,11,11,11,11,12,12,12,12,12,12,12,12,12,12,12,12,12,12,12,14,14,14,14,14,14,15,15,15,15,16,16,16,16,16,17,17,17,17,17,17,18,18,20,20,20,20,20,20,21,21,21,21,21,21,22,22,22,24,24,24,25,25,26,26,26,26,26,26,26,26,26,26,26,26,26,27,30,30,31,32,33,34,34,34,36,36,36,38,39,40,44,45,46,48,49,53,54,57,57,57,58,58,58,59,63,64,66,66,66,68,71,74,74,77,80,82,83,83,83,83,84,86,87,87,87,88,89,90,92,92,93,94,94,98,98,99,99,99,101,101,102,102,103,104,104,106,106,108,108,109,109,109,109,109,109,110,110,110,110,110,110,110,110,110,110,112,112,112,112,112,112,112,112,113,113,113,113,113,113,114,114,114,114,114,114,115,115,115,115,117,117,117,117,117,117,117,117,117,117,118,118,118,118,118,118,119,119,119,119,119,119,119,119,119,119,120,120,120,120,120,120,120,120,120,120,120,120,120,120,120,120,120,120,120,120,121,121,121,121,121,121,121,121,121,121,121,121,121,121,121,121,121,121,121,121,121,121,121,121,121,121,121,121,122,122,122,122,123,123,125,125,127,127,129,129,131,131,135,135,136,136,137,137,143,143,147,147,151,151,155,155,158,158,166,166,173,173,181,181,186,186,189,189,200,200,210,210,218,218,226,226,231,231,242,242,255,255,264,264,281,281,286,286,289,289,298,298,304,304,308,308,317,317,319,319,321,321,321,321,324,324,326,326,326,326,327,327,332,332,332,332,333,333,335,335,336,336
NTT,-8.657382,121.079371,5325566,0,0,0,0,0,0,0,0,0,0,0,0,0,0,0,0,0,0,0,0,0,0,0,0,0,0,0,0,0,0,0,0,0,0,0,0,0,0,0,0,0,0,0,0,0,0,0,0,0,0,0,0,0,0,1,1,1,1,1,1,1,1,1,1,1,1,1,1,1,1,1,1,1,1,1,1,1,1,1,1,1,1,1,1,1,1,1,1,1,1,1,1,1,1,1,1,1,1,1,1,1,1,1,1,1,1,1,1,1,1,1,1,1,1,1,1,1,1,1,1,1,1,1,1,1,1,1,1,1,1,1,1,1,1,1,1,1,1,1,1,1,1,1,1,1,1,1,1,1,1,1,1,1,1,2,2,2,2,2,2,2,2,2,2,2,2,2,2,2,2,3,3,4,4,4,5,5,5,5,5,5,5,5,5,5,5,6,6,6,6,6,6,6,6,6,6,6,6,6,6,6,7,7,7,7,7,7,7,7,7,7,7,7,7,7,7,7,7,7,7,7,7,7,7,7,7,7,9,9,11,11,11,11,11,11,11,11,14,14,14,14,14,14,14,14,14,16,16,16,17,17,17,17,17,17,19,21,23,24,25,26,27,27,29,30,31,33,34,34,34,36,36,36,36,38,40,41,42,42,42,43,43,44,44,48,50,50,50,53,54,56,57,57,57,58,61,62,69,73,79,80,86,87,90,90,93,93,103,109,110,114,122,125,130,134,141,144,145,147,148,151,152,157,159,163,164,176,181,187,190,196,196,199,202,204,214,214,217,223,223,245,245,256,256,257,265,265,269,269,280,280,286,286,290,290,292,292,299,299,303,303,312,312,318,318,321,321,327,327,328,328,332,332,339,339,345,345,345,345,345,345,346,346,350,350,350,350,350,350,356,356,358,358,359,359,361,361,362,362,363,363,366,366,369,369,374,374,377,377,379,379,388,388,394,394,395,395,402,402,403,403,407,407,409,409,410,410,412,412,413,413,414,414,416,416,419,419,419,419,423,423,428,428,437,437,440,440,444,444,450,450,450,450,450,450,450,450,451,451,455,455,455,455,458,458,459,459,465,465,470,470,480,480,489,489,493,493,497,497,504,504,518,518,537,537,552,552,566,566,596,596,617,617,672,672,715,715,730,730,766,766,792,792,863,863,894,894,961,961,994,994,1023,1023,1056,1056,1074,1074,1092,1092,1115,1115,1128,1128,1139,1139,1157,1157,1189,1189,1212,1212,1223,1223,1229,1229,1242,1242,1249,1249,1254,1254,1259,1259,1264,1264,1270,1270,1276,1276,1278,1278,1285,1285,1290,1290,1295,1295,1296,1296
Gorontalo,0.699937,122.446724,1171681,0,0,0,0,0,0,0,0,0,0,0,0,0,0,0,0,0,0,0,0,0,0,0,0,0,0,0,0,0,0,0,1,1,1,1,1,1,1,1,1,1,1,1,1,1,1,1,1,1,1,1,1,1,1,1,1,1,2,2,2,2,2,2,2,2,2,2,2,2,3,3,3,3,6,6,6,6,6,6,6,7,7,7,7,8,8,8,8,8,8,8,8,8,8,8,8,8,8,8,8,8,10,10,11,11,11,11,13,15,16,16,17,17,17,17,17,20,21,23,25,26,27,29,30,30,30,30,31,33,33,34,34,34,35,35,35,37,38,38,38,38,40,41,41,42,42,44,45,45,47,47,47,47,49,49,50,51,51,51,51,52,54,54,54,54,54,55,55,60,60,60,61,61,62,63,63,65,67,67,67,67,69,69,69,69,71,73,73,75,75,75,75,75,76,76,76,76,76,77,77,77,78,78,78,78,78,78,78,79,79,79,79,79,80,81,81,81,81,85,85,85,85,85,85,85,85,85,86,86,86,86,86,86,86,86,86,86,86,88,88,89,89,89,89,89,89,89,89,89,89,89,89,90,91,91,91,91,91,91,91,92,92,92,95,95,95,95,95,95,95,96,96,96,96,96,96,97,99,101,101,101,101,101,101,101,104,104,104,104,104,104,104,104,105,105,106,106,106,106,106,106,106,106,107,108,108,108,108,110,110,110,112,113,114,115,115,115,117,119,119,120,120,122,122,122,122,122,122,123,123,123,124,124,124,126,127,127,128,130,130,132,132,135,135,135,136,136,136,136,137,137,138,138,138,138,139,139,139,139,140,140,141,141,141,141,142,142,144,144,144,144,145,145,146,146,147,147,147,147,149,149,150,150,150,150,150,150,153,153,157,157,158,158,159,159,161,161,161,161,161,161,161,161,161,161,165,165,168,168,168,168,169,169,170,170,170,170,170,170,170,170,170,170,170,170,170,170,170,170,170,170,170,170,172,172,172,172,172,172,172,172,172,172,172,172,173,173,176,176,180,180,180,180,180,180,180,180,180,180,180,180,181,181,181,181,182,182,185,185,185,185,185,185,186,186,188,188,188,188,193,193,196,196,197,197,197,197,204,204,206,206,207,207,213,213,215,215,231,231,237,237,250,250,262,262,277,277,307,307,321,321,334,334,349,349,357,357,380,380,390,390,396,396,404,404,408,408,422,422,429,429,437,437,444,444,445,445,445,445,446,446,447,447,449,449,449,449,451,451,458,458,458,458,458,458,458,458,458,458